left_im,right_im,leftori,rightori,same,corrAns,angle,thisN,thisTrialN,thisRepN,key_resp.keys,key_resp.corr,key_resp.rt,key_resp.duration,trials.thisRepN,trials.thisTrialN,trials.thisN,trials.thisIndex,thisRow.t,notes,Intructions_1.started,instr_key_1.started,instr_textbox1.started,Intructions_1.stopped,instr_key_1.keys,instr_key_1.rt,instr_key_1.duration,Intructions_2.started,image_L_3.started,image_R_3.started,dir_cue.started,instr_key_2.started,instrtxt2.started,Intructions_2.stopped,instructions_3.started,image_L_4.started,image_R_4.started,dir_cue_2.started,instr_key.started,instrtxt3.started,instructions_3.stopped,start.started,key_instruct.started,start.stopped,key_instruct.keys,key_instruct.rt,key_instruct.duration,trial.started,image_L.started,image_R.started,DirCue.started,key_resp.started,main_instr.started,trial_count.started,trial.stopped,trials.key_resp.keys,trials.key_resp.corr,trials.key_resp.rt,trials.key_resp.duration,feedback.started,fbtext.started,fbtext.stopped,feedback.stopped,the_end.started,end_txt.started,end_key.started,the_end.stopped,session,participant,date,expName,expVersion,psychopyVersion,frameRate,expStart,
,,,,,,,,,,,,,,,,,,,,0.010860088979825377,0.02854917012155056,0.02854917012155056,1.9513581641949713,m,1.7895031471271068,None,,,,,,,,,,,,,,,,,,,,,,,,,,,,,,,,,,,,,,,,,003,JN081225,2025-12-08_16h25.10.099,CuedMentalRotation,,2025.1.1,120.05312263945845,2025-12-08 16h25.35.128166 +0000,
,,,,,,,,,,,,,,,,,,,,,,,,,,,1.9715231880545616,2.0040900281164795,2.0040900281164795,2.0040900281164795,2.0040900281164795,2.0040900281164795,3.0556162481661886,,,,,,,,,,,,,,,,,,,,,,,,,,,,,,,,,,003,JN081225,2025-12-08_16h25.10.099,CuedMentalRotation,,2025.1.1,120.05312263945845,2025-12-08 16h25.35.128166 +0000,
,,,,,,,,,,,,,,,,,,,,,,,,,,,,,,,,,,3.0744150259997696,3.0914890691637993,3.0914890691637993,3.0914890691637993,3.0914890691637993,3.0914890691637993,4.414476281031966,,,,,,,,,,,,,,,,,,,,,,,,,,,003,JN081225,2025-12-08_16h25.10.099,CuedMentalRotation,,2025.1.1,120.05312263945845,2025-12-08 16h25.35.128166 +0000,
,,,,,,,,,,,,,,,,,,,,,,,,,,,,,,,,,,,,,,,,,4.4145048630889505,4.42621025419794,6.6889544650912285,space,2.2558329100720584,None,,,,,,,,,,,,,,,,,,,,,003,JN081225,2025-12-08_16h25.10.099,CuedMentalRotation,,2025.1.1,120.05312263945845,2025-12-08 16h25.35.128166 +0000,
1_z_140_b.jpg,1_z_140_b.jpg,0,20,y,n,20,0,0,0,n,1,1.4331377348862588,None,0,0,0,56,6.872936153085902,,,,,,,,,,,,,,,,,,,,,,,,,,,,,6.850764347007498,6.872936153085902,6.872936153085902,6.872936153085902,6.872936153085902,6.872936153085902,6.872936153085902,8.315447896020487,n,1,1.4331377348862588,None,8.318313732044771,8.326591714052483,8.986618300201371,8.813611911144108,,,,,003,JN081225,2025-12-08_16h25.10.099,CuedMentalRotation,,2025.1.1,120.05312263945845,2025-12-08 16h25.35.128166 +0000,
2_z_145_b.jpg,2_z_145_a.jpg,0,120,n,m,120,1,1,0,n,0,5.415362270083278,None,0,1,1,67,8.986618300201371,,,,,,,,,,,,,,,,,,,,,,,,,,,,,8.962155195185915,8.986618300201371,8.986618300201371,8.986618300201371,8.986618300201371,8.986618300201371,8.986618300201371,14.408344949129969,n,0,5.415362270083278,None,14.410849114181474,14.419291926082224,15.07503265910782,14.908046225085855,,,,,003,JN081225,2025-12-08_16h25.10.099,CuedMentalRotation,,2025.1.1,120.05312263945845,2025-12-08 16h25.35.128166 +0000,
4_z_310_b.jpg,4_z_310_b.jpg,0,120,y,n,120,2,2,0,n,1,1.6390530948992819,None,0,2,2,49,15.07503265910782,,,,,,,,,,,,,,,,,,,,,,,,,,,,,15.055726258084178,15.07503265910782,15.07503265910782,15.07503265910782,15.07503265910782,15.07503265910782,15.07503265910782,16.716202723095194,n,1,1.6390530948992819,None,16.71788847912103,16.74188726604916,,17.216371800052002,,,,,003,JN081225,2025-12-08_16h25.10.099,CuedMentalRotation,,2025.1.1,120.05312263945845,2025-12-08 16h25.35.128166 +0000,
3_z_160_a.jpg,3_z_160_b.jpg,0,0,n,m,0,3,3,0,m,1,1.2531518859323114,None,0,3,3,1,17.388845645124093,,,,,,,,,,,,,,,,,,,,,,,,,,,,,17.36379493610002,17.388845645124093,17.388845645124093,17.388845645124093,17.388845645124093,17.388845645124093,17.388845645124093,18.64326713909395,m,1,1.2531518859323114,None,18.64366849604994,18.651694223983213,19.309238977031782,19.142749035032466,,,,,003,JN081225,2025-12-08_16h25.10.099,CuedMentalRotation,,2025.1.1,120.05312263945845,2025-12-08 16h25.35.128166 +0000,
3_z_160_b.jpg,3_z_160_a.jpg,0,80,n,m,80,4,4,0,m,1,1.5327984897885472,None,0,4,4,27,19.309238977031782,,,,,,,,,,,,,,,,,,,,,,,,,,,,,19.290492170024663,19.309238977031782,19.309238977031782,19.309238977031782,19.309238977031782,19.309238977031782,19.309238977031782,20.843430922133848,m,1,1.5327984897885472,None,20.843715290073305,20.85181311611086,21.50973382918164,21.343129247194156,,,,,003,JN081225,2025-12-08_16h25.10.099,CuedMentalRotation,,2025.1.1,120.05312263945845,2025-12-08 16h25.35.128166 +0000,
2_z_145_a.jpg,2_z_145_a.jpg,0,80,y,n,80,5,5,0,n,1,1.94033867190592,None,0,5,5,63,21.50973382918164,,,,,,,,,,,,,,,,,,,,,,,,,,,,,21.48968775710091,21.50973382918164,21.50973382918164,21.50973382918164,21.50973382918164,21.50973382918164,21.50973382918164,23.452205108013004,n,1,1.94033867190592,None,23.452485256129876,23.4607551691588,24.110508446116,23.94440612499602,,,,,003,JN081225,2025-12-08_16h25.10.099,CuedMentalRotation,,2025.1.1,120.05312263945845,2025-12-08 16h25.35.128166 +0000,
4_z_310_a.jpg,4_z_310_b.jpg,0,60,n,m,60,6,6,0,m,1,2.2914933699648827,None,0,6,6,7,24.110508446116,,,,,,,,,,,,,,,,,,,,,,,,,,,,,24.09071822813712,24.110508446116,24.110508446116,24.110508446116,24.110508446116,24.110508446116,24.110508446116,26.411791316000745,m,1,2.2914933699648827,None,26.412082283059135,26.42023449204862,27.078465736005455,26.911425735102966,,,,,003,JN081225,2025-12-08_16h25.10.099,CuedMentalRotation,,2025.1.1,120.05312263945845,2025-12-08 16h25.35.128166 +0000,
5_z_340_b.jpg,5_z_340_a.jpg,0,60,n,m,60,7,7,0,m,1,2.171564359916374,None,0,7,7,25,27.078465736005455,,,,,,,,,,,,,,,,,,,,,,,,,,,,,27.057211393024772,27.078465736005455,27.078465736005455,27.078465736005455,27.078465736005455,27.078465736005455,27.078465736005455,29.253831984009594,m,1,2.171564359916374,None,29.25411468418315,29.262422934174538,29.91251717018895,29.745924885151908,,,,,003,JN081225,2025-12-08_16h25.10.099,CuedMentalRotation,,2025.1.1,120.05312263945845,2025-12-08 16h25.35.128166 +0000,
5_z_340_b.jpg,5_z_340_b.jpg,0,40,y,n,40,8,8,0,n,1,1.1295268759131432,None,0,8,8,5,29.91251717018895,,,,,,,,,,,,,,,,,,,,,,,,,,,,,29.892903726082295,29.91251717018895,29.91251717018895,29.91251717018895,29.91251717018895,29.91251717018895,29.91251717018895,31.046472476096824,n,1,1.1295268759131432,None,31.04675968317315,31.05556314601563,31.712737292982638,31.546202601166442,,,,,003,JN081225,2025-12-08_16h25.10.099,CuedMentalRotation,,2025.1.1,120.05312263945845,2025-12-08 16h25.35.128166 +0000,
5_z_340_a.jpg,5_z_340_a.jpg,0,100,y,n,100,9,9,0,n,1,1.5373188818339258,None,0,9,9,11,31.712737292982638,,,,,,,,,,,,,,,,,,,,,,,,,,,,,31.692531689070165,31.712737292982638,31.712737292982638,31.712737292982638,31.712737292982638,31.712737292982638,31.712737292982638,33.255161334061995,n,1,1.5373188818339258,None,33.255439748987556,33.263809900032356,33.91398838208988,33.74745627120137,,,,,003,JN081225,2025-12-08_16h25.10.099,CuedMentalRotation,,2025.1.1,120.05312263945845,2025-12-08 16h25.35.128166 +0000,
2_z_145_a.jpg,2_z_145_b.jpg,0,100,n,m,100,10,10,0,m,1,2.2240423220209777,None,0,10,10,10,33.91398838208988,,,,,,,,,,,,,,,,,,,,,,,,,,,,,33.89344035717659,33.91398838208988,33.91398838208988,33.91398838208988,33.91398838208988,33.91398838208988,33.91398838208988,36.13888001604937,m,1,2.2240423220209777,None,36.13933866401203,36.14757737517357,36.798189884983,36.63116833404638,,,,,003,JN081225,2025-12-08_16h25.10.099,CuedMentalRotation,,2025.1.1,120.05312263945845,2025-12-08 16h25.35.128166 +0000,
1_z_140_b.jpg,1_z_140_b.jpg,0,160,y,n,160,11,11,0,m,0,2.499850617023185,None,0,11,11,52,36.798189884983,,,,,,,,,,,,,,,,,,,,,,,,,,,,,36.77764044608921,36.798189884983,36.798189884983,36.798189884983,36.798189884983,36.798189884983,36.798189884983,39.299480754183605,m,0,2.499850617023185,None,39.30136762699112,39.30961451702751,39.966186724137515,39.79910061508417,,,,,003,JN081225,2025-12-08_16h25.10.099,CuedMentalRotation,,2025.1.1,120.05312263945845,2025-12-08 16h25.35.128166 +0000,
3_z_160_b.jpg,3_z_160_a.jpg,0,120,n,m,120,12,12,0,m,1,1.579850418958813,None,0,12,12,48,39.966186724137515,,,,,,,,,,,,,,,,,,,,,,,,,,,,,39.94616149016656,39.966186724137515,39.966186724137515,39.966186724137515,39.966186724137515,39.966186724137515,39.966186724137515,41.54969893419184,m,1,1.579850418958813,None,41.55173662607558,41.56013622810133,,42.05030106310733,,,,,003,JN081225,2025-12-08_16h25.10.099,CuedMentalRotation,,2025.1.1,120.05312263945845,2025-12-08 16h25.35.128166 +0000,
1_z_140_a.jpg,1_z_140_b.jpg,0,140,n,m,140,13,13,0,m,1,1.2813654909841716,None,0,13,13,14,42.21668069018051,,,,,,,,,,,,,,,,,,,,,,,,,,,,,42.19575743121095,42.21668069018051,42.21668069018051,42.21668069018051,42.21668069018051,42.21668069018051,42.21668069018051,43.50076857605018,m,1,1.2813654909841716,None,43.501051624072716,43.509171293117106,44.16723081911914,44.00045187305659,,,,,003,JN081225,2025-12-08_16h25.10.099,CuedMentalRotation,,2025.1.1,120.05312263945845,2025-12-08 16h25.35.128166 +0000,
4_z_310_a.jpg,4_z_310_a.jpg,0,20,y,n,20,14,14,0,n,1,1.2028068099170923,None,0,14,14,57,44.16723081911914,,,,,,,,,,,,,,,,,,,,,,,,,,,,,44.14594265911728,44.16723081911914,44.16723081911914,44.16723081911914,44.16723081911914,44.16723081911914,44.16723081911914,45.37534935004078,n,1,1.2028068099170923,None,45.37563210306689,45.38399401307106,46.03432703320868,45.86741859698668,,,,,003,JN081225,2025-12-08_16h25.10.099,CuedMentalRotation,,2025.1.1,120.05312263945845,2025-12-08 16h25.35.128166 +0000,
3_z_160_b.jpg,3_z_160_b.jpg,0,80,y,n,80,15,15,0,n,1,1.6077102459967136,None,0,15,15,9,46.03432703320868,,,,,,,,,,,,,,,,,,,,,,,,,,,,,46.013067779131234,46.03432703320868,46.03432703320868,46.03432703320868,46.03432703320868,46.03432703320868,46.03432703320868,47.643353938125074,n,1,1.6077102459967136,None,47.643635063199326,47.65183917502873,48.302121189190075,48.13544989214279,,,,,003,JN081225,2025-12-08_16h25.10.099,CuedMentalRotation,,2025.1.1,120.05312263945845,2025-12-08 16h25.35.128166 +0000,
1_z_140_b.jpg,1_z_140_b.jpg,0,80,y,n,80,16,16,0,n,1,1.1159189210738987,None,0,16,16,45,48.302121189190075,,,,,,,,,,,,,,,,,,,,,,,,,,,,,48.28208401799202,48.302121189190075,48.302121189190075,48.302121189190075,48.302121189190075,48.302121189190075,48.302121189190075,49.41930285398848,n,1,1.1159189210738987,None,49.419596788007766,49.42773250001483,50.08588849520311,49.918862633174285,,,,,003,JN081225,2025-12-08_16h25.10.099,CuedMentalRotation,,2025.1.1,120.05312263945845,2025-12-08 16h25.35.128166 +0000,
5_z_340_b.jpg,5_z_340_b.jpg,0,20,y,n,20,17,17,0,n,1,1.180152267916128,None,0,17,17,3,50.08588849520311,,,,,,,,,,,,,,,,,,,,,,,,,,,,,50.06527880998328,50.08588849520311,50.08588849520311,50.08588849520311,50.08588849520311,50.08588849520311,50.08588849520311,51.269488542107865,n,1,1.180152267916128,None,51.26976476912387,51.277998737990856,51.936536729102954,51.76916634920053,,,,,003,JN081225,2025-12-08_16h25.10.099,CuedMentalRotation,,2025.1.1,120.05312263945845,2025-12-08 16h25.35.128166 +0000,
4_z_310_b.jpg,4_z_310_a.jpg,0,100,n,m,100,18,18,0,m,1,1.0655205640941858,None,0,18,18,64,51.936536729102954,,,,,,,,,,,,,,,,,,,,,,,,,,,,,51.91633089305833,51.936536729102954,51.936536729102954,51.936536729102954,51.936536729102954,51.936536729102954,51.936536729102954,53.003810338210315,m,1,1.0655205640941858,None,53.004091292154044,53.012151185190305,53.670298853190616,53.503713209182024,,,,,003,JN081225,2025-12-08_16h25.10.099,CuedMentalRotation,,2025.1.1,120.05312263945845,2025-12-08 16h25.35.128166 +0000,
1_z_140_a.jpg,1_z_140_b.jpg,0,80,n,m,80,19,19,0,m,1,1.1157426009885967,None,0,19,19,44,53.670298853190616,,,,,,,,,,,,,,,,,,,,,,,,,,,,,53.649615501984954,53.670298853190616,53.670298853190616,53.670298853190616,53.670298853190616,53.670298853190616,53.670298853190616,54.78754215501249,m,1,1.1157426009885967,None,54.787826215149835,54.79598410404287,55.45388854108751,55.28707405203022,,,,,003,JN081225,2025-12-08_16h25.10.099,CuedMentalRotation,,2025.1.1,120.05312263945845,2025-12-08 16h25.35.128166 +0000,
3_z_160_b.jpg,3_z_160_b.jpg,0,120,y,n,120,20,20,0,n,1,1.1641485169529915,None,0,20,20,12,55.45388854108751,,,,,,,,,,,,,,,,,,,,,,,,,,,,,55.43238521320745,55.45388854108751,55.45388854108751,55.45388854108751,55.45388854108751,55.45388854108751,55.45388854108751,56.621089599095285,n,1,1.1641485169529915,None,56.62137140613049,56.62949520419352,57.28511655610055,57.11214584298432,,,,,003,JN081225,2025-12-08_16h25.10.099,CuedMentalRotation,,2025.1.1,120.05312263945845,2025-12-08 16h25.35.128166 +0000,
4_z_310_a.jpg,4_z_310_a.jpg,0,20,y,n,20,21,21,0,n,1,0.8607851772103459,None,0,21,21,21,57.28511655610055,,,,,,,,,,,,,,,,,,,,,,,,,,,,,57.258426568005234,57.28511655610055,57.28511655610055,57.28511655610055,57.28511655610055,57.28511655610055,57.28511655610055,58.155736815184355,n,1,0.8607851772103459,None,58.15602179709822,58.164181848056614,58.821953376056626,58.65536610712297,,,,,003,JN081225,2025-12-08_16h25.10.099,CuedMentalRotation,,2025.1.1,120.05312263945845,2025-12-08 16h25.35.128166 +0000,
5_z_340_b.jpg,5_z_340_a.jpg,0,40,n,m,40,22,22,0,m,1,1.2760848400648683,None,0,22,22,4,58.821953376056626,,,,,,,,,,,,,,,,,,,,,,,,,,,,,58.80165060213767,58.821953376056626,58.821953376056626,58.821953376056626,58.821953376056626,58.821953376056626,58.821953376056626,60.10583810904063,m,1,1.2760848400648683,None,60.10612265113741,60.114200787153095,60.77242710907012,60.605437078047544,,,,,003,JN081225,2025-12-08_16h25.10.099,CuedMentalRotation,,2025.1.1,120.05312263945845,2025-12-08 16h25.35.128166 +0000,
4_z_310_b.jpg,4_z_310_a.jpg,0,160,n,m,160,23,23,0,m,1,1.1976100921165198,None,0,23,23,71,60.77242710907012,,,,,,,,,,,,,,,,,,,,,,,,,,,,,60.75157926417887,60.77242710907012,60.77242710907012,60.77242710907012,60.77242710907012,60.77242710907012,60.77242710907012,61.97268828121014,m,1,1.1976100921165198,None,61.972972923191264,61.981168441008776,62.63688556198031,62.46361412713304,,,,,003,JN081225,2025-12-08_16h25.10.099,CuedMentalRotation,,2025.1.1,120.05312263945845,2025-12-08 16h25.35.128166 +0000,
3_z_160_a.jpg,3_z_160_a.jpg,0,100,y,n,100,24,24,0,n,1,2.245086912997067,None,0,24,24,47,62.63688556198031,,,,,,,,,,,,,,,,,,,,,,,,,,,,,62.60986035107635,62.63688556198031,62.63688556198031,62.63688556198031,62.63688556198031,62.63688556198031,62.63688556198031,64.89062192919664,n,1,2.245086912997067,None,64.89091336308047,64.89909425098449,65.55716321012005,65.39028155012056,,,,,003,JN081225,2025-12-08_16h25.10.099,CuedMentalRotation,,2025.1.1,120.05312263945845,2025-12-08 16h25.35.128166 +0000,
1_z_140_b.jpg,1_z_140_a.jpg,0,140,n,m,140,25,25,0,m,1,2.836874956963584,None,0,25,25,50,65.55716321012005,,,,,,,,,,,,,,,,,,,,,,,,,,,,,65.53587434999645,65.55716321012005,65.55716321012005,65.55716321012005,65.55716321012005,65.55716321012005,65.55716321012005,68.39930201112293,m,1,2.836874956963584,None,68.39958753809333,68.40809619915672,69.0582250750158,68.89152441220358,,,,,003,JN081225,2025-12-08_16h25.10.099,CuedMentalRotation,,2025.1.1,120.05312263945845,2025-12-08 16h25.35.128166 +0000,
1_z_140_a.jpg,1_z_140_b.jpg,0,120,n,m,120,26,26,0,m,1,2.0158126188907772,None,0,26,26,30,69.0582250750158,,,,,,,,,,,,,,,,,,,,,,,,,,,,,69.03710818919353,69.0582250750158,69.0582250750158,69.0582250750158,69.0582250750158,69.0582250750158,69.0582250750158,71.075736225117,m,1,2.0158126188907772,None,71.07602396514267,71.0841792630963,71.7424847742077,71.57524712220766,,,,,003,JN081225,2025-12-08_16h25.10.099,CuedMentalRotation,,2025.1.1,120.05312263945845,2025-12-08 16h25.35.128166 +0000,
5_z_340_b.jpg,5_z_340_b.jpg,0,100,y,n,100,27,27,0,m,0,1.3075413261540234,None,0,27,27,46,71.7424847742077,,,,,,,,,,,,,,,,,,,,,,,,,,,,,71.72156488499604,71.7424847742077,71.7424847742077,71.7424847742077,71.7424847742077,71.7424847742077,71.7424847742077,73.05958038801327,m,0,1.3075413261540234,None,73.06141826906241,73.06874566408806,,73.5596660291776,,,,,003,JN081225,2025-12-08_16h25.10.099,CuedMentalRotation,,2025.1.1,120.05312263945845,2025-12-08 16h25.35.128166 +0000,
3_z_160_a.jpg,3_z_160_a.jpg,0,0,y,n,0,28,28,0,n,1,1.1795926350168884,None,0,28,28,0,73.72637128201313,,,,,,,,,,,,,,,,,,,,,,,,,,,,,73.70524942711927,73.72637128201313,73.72637128201313,73.72637128201313,73.72637128201313,73.72637128201313,73.72637128201313,74.91043796110898,n,1,1.1795926350168884,None,74.91219029109925,74.92044690204784,75.57686076615937,75.41008396004327,,,,,003,JN081225,2025-12-08_16h25.10.099,CuedMentalRotation,,2025.1.1,120.05312263945845,2025-12-08 16h25.35.128166 +0000,
2_z_145_b.jpg,2_z_145_b.jpg,0,60,y,n,60,29,29,0,n,1,1.5131335549522191,None,0,29,29,43,75.57686076615937,,,,,,,,,,,,,,,,,,,,,,,,,,,,,75.55523898615502,75.57686076615937,75.57686076615937,75.57686076615937,75.57686076615937,75.57686076615937,75.57686076615937,77.09518085001037,n,1,1.5131335549522191,None,77.09554788214155,77.10360368620604,77.76111480919644,77.59468506718986,,,,,003,JN081225,2025-12-08_16h25.10.099,CuedMentalRotation,,2025.1.1,120.05312263945845,2025-12-08 16h25.35.128166 +0000,
3_z_160_a.jpg,3_z_160_a.jpg,0,0,y,n,0,30,30,0,n,1,0.7529265601187944,None,0,30,30,36,77.76111480919644,,,,,,,,,,,,,,,,,,,,,,,,,,,,,77.74024254805408,77.76111480919644,77.76111480919644,77.76111480919644,77.76111480919644,77.76111480919644,77.76111480919644,78.51946386205964,n,1,0.7529265601187944,None,78.51974252704531,78.52806355711073,79.17821956705302,79.01138661708683,,,,,003,JN081225,2025-12-08_16h25.10.099,CuedMentalRotation,,2025.1.1,120.05312263945845,2025-12-08 16h25.35.128166 +0000,
2_z_145_b.jpg,2_z_145_a.jpg,0,20,n,m,20,31,31,0,m,1,0.9358281909953803,None,0,31,31,38,79.17821956705302,,,,,,,,,,,,,,,,,,,,,,,,,,,,,79.15781101305038,79.17821956705302,79.17821956705302,79.17821956705302,79.17821956705302,79.17821956705302,79.17821956705302,80.11945136007853,m,1,0.9358281909953803,None,80.11972736218013,80.12814317806624,80.77868636115454,80.6115631100256,,,,,003,JN081225,2025-12-08_16h25.10.099,CuedMentalRotation,,2025.1.1,120.05312263945845,2025-12-08 16h25.35.128166 +0000,
3_z_160_a.jpg,3_z_160_b.jpg,0,20,n,m,20,32,32,0,m,1,0.879330419935286,None,0,32,32,20,80.77868636115454,,,,,,,,,,,,,,,,,,,,,,,,,,,,,80.75773064419627,80.77868636115454,80.77868636115454,80.77868636115454,80.77868636115454,80.77868636115454,80.77868636115454,81.66224158508703,m,1,0.879330419935286,None,81.66260901000351,81.67070593102835,82.32675797818229,82.15321985911578,,,,,003,JN081225,2025-12-08_16h25.10.099,CuedMentalRotation,,2025.1.1,120.05312263945845,2025-12-08 16h25.35.128166 +0000,
1_z_140_b.jpg,1_z_140_a.jpg,0,160,n,m,160,33,33,0,m,1,3.6031985390000045,None,0,33,33,16,82.32675797818229,,,,,,,,,,,,,,,,,,,,,,,,,,,,,82.30051030707546,82.32675797818229,82.32675797818229,82.32675797818229,82.32675797818229,82.32675797818229,82.32675797818229,85.93783919909038,m,1,3.6031985390000045,None,85.93811944313347,85.94644750398584,86.59696722007357,86.43009139108472,,,,,003,JN081225,2025-12-08_16h25.10.099,CuedMentalRotation,,2025.1.1,120.05312263945845,2025-12-08 16h25.35.128166 +0000,
1_z_140_a.jpg,1_z_140_a.jpg,0,20,y,n,20,34,34,0,n,1,0.8530721238348633,None,0,34,34,2,86.59696722007357,,,,,,,,,,,,,,,,,,,,,,,,,,,,,86.57594590098597,86.59696722007357,86.59696722007357,86.59696722007357,86.59696722007357,86.59696722007357,86.59696722007357,87.45560199511237,n,1,0.8530721238348633,None,87.45588182006031,87.46425453503616,88.1142566241324,87.94788227207027,,,,,003,JN081225,2025-12-08_16h25.10.099,CuedMentalRotation,,2025.1.1,120.05312263945845,2025-12-08 16h25.35.128166 +0000,
1_z_140_b.jpg,1_z_140_b.jpg,0,140,y,n,140,35,35,0,m,0,0.8717536530457437,None,0,35,35,69,88.1142566241324,,,,,,,,,,,,,,,,,,,,,,,,,,,,,88.09385608998127,88.1142566241324,88.1142566241324,88.1142566241324,88.1142566241324,88.1142566241324,88.1142566241324,88.98908480699174,m,0,0.8717536530457437,None,88.99107136717066,89.0147826441098,,89.49781700619496,,,,,003,JN081225,2025-12-08_16h25.10.099,CuedMentalRotation,,2025.1.1,120.05312263945845,2025-12-08 16h25.35.128166 +0000,
3_z_160_b.jpg,3_z_160_a.jpg,0,140,n,m,140,36,36,0,m,1,2.2973914078902453,None,0,36,36,33,89.66465128608979,,,,,,,,,,,,,,,,,,,,,,,,,,,,,89.64292498212308,89.66465128608979,89.66465128608979,89.66465128608979,89.66465128608979,89.66465128608979,89.66465128608979,91.96537518315017,m,1,2.2973914078902453,None,91.96717315213755,91.97566237905994,,92.46594292810187,,,,,003,JN081225,2025-12-08_16h25.10.099,CuedMentalRotation,,2025.1.1,120.05312263945845,2025-12-08 16h25.35.128166 +0000,
3_z_160_b.jpg,3_z_160_b.jpg,0,120,y,n,120,37,37,0,m,0,1.1457136499229819,None,0,37,37,31,92.63226448907517,,,,,,,,,,,,,,,,,,,,,,,,,,,,,92.6112703550607,92.63226448907517,92.63226448907517,92.63226448907517,92.63226448907517,92.63226448907517,92.63226448907517,93.78315134020522,m,0,1.1457136499229819,None,93.78494239109568,93.79342861007899,94.44963464420289,94.28282143501565,,,,,003,JN081225,2025-12-08_16h25.10.099,CuedMentalRotation,,2025.1.1,120.05312263945845,2025-12-08 16h25.35.128166 +0000,
4_z_310_a.jpg,4_z_310_b.jpg,0,60,n,m,60,38,38,0,m,1,1.7044205269776285,None,0,38,38,6,94.44963464420289,,,,,,,,,,,,,,,,,,,,,,,,,,,,,94.42914327606559,94.44963464420289,94.44963464420289,94.44963464420289,94.44963464420289,94.44963464420289,94.44963464420289,96.15771075012162,m,1,1.7044205269776285,None,96.15965982712805,96.1833582019899,,96.66635171114467,,,,,003,JN081225,2025-12-08_16h25.10.099,CuedMentalRotation,,2025.1.1,120.05312263945845,2025-12-08 16h25.35.128166 +0000,
3_z_160_a.jpg,3_z_160_a.jpg,0,20,y,n,20,39,39,0,n,1,0.8324499160517007,None,0,39,39,39,96.83360263518989,,,,,,,,,,,,,,,,,,,,,,,,,,,,,96.81213212409057,96.83360263518989,96.83360263518989,96.83360263518989,96.83360263518989,96.83360263518989,96.83360263518989,97.66783899720758,n,1,0.8324499160517007,None,97.66812215698883,97.67633824818768,98.33420869009569,98.16741935815662,,,,,003,JN081225,2025-12-08_16h25.10.099,CuedMentalRotation,,2025.1.1,120.05312263945845,2025-12-08 16h25.35.128166 +0000,
5_z_340_b.jpg,5_z_340_a.jpg,0,60,n,m,60,40,40,0,m,1,1.0278272610157728,None,0,40,40,24,98.33420869009569,,,,,,,,,,,,,,,,,,,,,,,,,,,,,98.3141741771251,98.33420869009569,98.33420869009569,98.33420869009569,98.33420869009569,98.33420869009569,98.33420869009569,99.36820910219103,m,1,1.0278272610157728,None,99.36849024705589,99.37664834409952,100.03464250010438,99.86769103212282,,,,,003,JN081225,2025-12-08_16h25.10.099,CuedMentalRotation,,2025.1.1,120.05312263945845,2025-12-08 16h25.35.128166 +0000,
2_z_145_a.jpg,2_z_145_b.jpg,0,140,n,m,140,41,41,0,m,1,2.7753080509137362,None,0,41,41,51,100.03464250010438,,,,,,,,,,,,,,,,,,,,,,,,,,,,,100.0132235980127,100.03464250010438,100.03464250010438,100.03464250010438,100.03464250010438,100.03464250010438,100.03464250010438,102.8196083761286,m,1,2.7753080509137362,None,102.81996288103983,102.82815133105032,103.48573027015664,103.31898083910346,,,,,003,JN081225,2025-12-08_16h25.10.099,CuedMentalRotation,,2025.1.1,120.05312263945845,2025-12-08 16h25.35.128166 +0000,
4_z_310_b.jpg,4_z_310_b.jpg,0,40,y,n,40,42,42,0,n,1,1.0842413830105215,None,0,42,42,58,103.48573027015664,,,,,,,,,,,,,,,,,,,,,,,,,,,,,103.46463677799329,103.48573027015664,103.48573027015664,103.48573027015664,103.48573027015664,103.48573027015664,103.48573027015664,104.57724855211563,n,1,1.0842413830105215,None,104.57753024599515,104.58583988901228,105.23623696318828,105.0693715880625,,,,,003,JN081225,2025-12-08_16h25.10.099,CuedMentalRotation,,2025.1.1,120.05312263945845,2025-12-08 16h25.35.128166 +0000,
4_z_310_a.jpg,4_z_310_a.jpg,0,60,y,n,60,43,43,0,n,1,1.1978297620080411,None,0,43,43,61,105.23623696318828,,,,,,,,,,,,,,,,,,,,,,,,,,,,,105.21496614301577,105.23623696318828,105.23623696318828,105.23623696318828,105.23623696318828,105.23623696318828,105.23623696318828,106.43649742007256,n,1,1.1978297620080411,None,106.43678247299977,106.44511227612384,107.1034214340616,106.9362133690156,,,,,003,JN081225,2025-12-08_16h25.10.099,CuedMentalRotation,,2025.1.1,120.05312263945845,2025-12-08 16h25.35.128166 +0000,
2_z_145_a.jpg,2_z_145_a.jpg,0,160,y,n,160,44,44,0,m,0,2.5386173790320754,None,0,44,44,70,107.1034214340616,,,,,,,,,,,,,,,,,,,,,,,,,,,,,107.08252654201351,107.1034214340616,107.1034214340616,107.1034214340616,107.1034214340616,107.1034214340616,107.1034214340616,109.64548177504912,m,0,2.5386173790320754,None,109.64719575201161,109.65560465119779,110.31814395217225,110.14472677907906,,,,,003,JN081225,2025-12-08_16h25.10.099,CuedMentalRotation,,2025.1.1,120.05312263945845,2025-12-08 16h25.35.128166 +0000,
4_z_310_a.jpg,4_z_310_b.jpg,0,0,n,m,0,45,45,0,m,1,1.091841063927859,None,0,45,45,37,110.31814395217225,,,,,,,,,,,,,,,,,,,,,,,,,,,,,110.29093659901991,110.31814395217225,110.31814395217225,110.31814395217225,110.31814395217225,110.31814395217225,110.31814395217225,111.41242289007641,m,1,1.091841063927859,None,111.41410490404814,111.42253546020947,112.08536074799486,111.91158799314871,,,,,003,JN081225,2025-12-08_16h25.10.099,CuedMentalRotation,,2025.1.1,120.05312263945845,2025-12-08 16h25.35.128166 +0000,
2_z_145_b.jpg,2_z_145_a.jpg,0,80,n,m,80,46,46,0,m,1,2.828598944004625,None,0,46,46,8,112.08536074799486,,,,,,,,,,,,,,,,,,,,,,,,,,,,,112.05792408809066,112.08536074799486,112.08536074799486,112.08536074799486,112.08536074799486,112.08536074799486,112.08536074799486,114.92289459705353,m,1,2.828598944004625,None,114.92318531312048,114.93128504720517,115.58941918401979,115.422468269011,,,,,003,JN081225,2025-12-08_16h25.10.099,CuedMentalRotation,,2025.1.1,120.05312263945845,2025-12-08 16h25.35.128166 +0000,
1_z_140_a.jpg,1_z_140_b.jpg,0,140,n,m,140,47,47,0,m,1,1.652618614025414,None,0,47,47,68,115.58941918401979,,,,,,,,,,,,,,,,,,,,,,,,,,,,,115.56839101412334,115.58941918401979,115.58941918401979,115.58941918401979,115.58941918401979,115.58941918401979,115.58941918401979,117.24843394616619,m,1,1.652618614025414,None,117.24871640605852,117.2570711071603,117.9070670211222,117.74034379119985,,,,,003,JN081225,2025-12-08_16h25.10.099,CuedMentalRotation,,2025.1.1,120.05312263945845,2025-12-08 16h25.35.128166 +0000,
2_z_145_a.jpg,2_z_145_a.jpg,0,80,y,n,80,48,48,0,m,0,1.334970744792372,None,0,48,48,26,117.9070670211222,,,,,,,,,,,,,,,,,,,,,,,,,,,,,117.88704596599564,117.9070670211222,117.9070670211222,117.9070670211222,117.9070670211222,117.9070670211222,117.9070670211222,119.24866631813347,m,0,1.334970744792372,None,119.25037332018837,119.25876202620566,119.92127570207231,119.74783046217635,,,,,003,JN081225,2025-12-08_16h25.10.099,CuedMentalRotation,,2025.1.1,120.05312263945845,2025-12-08 16h25.35.128166 +0000,
3_z_160_b.jpg,3_z_160_a.jpg,0,0,n,m,0,49,49,0,m,1,1.2086701409425586,None,0,49,49,55,119.92127570207231,,,,,,,,,,,,,,,,,,,,,,,,,,,,,119.89413644303568,119.92127570207231,119.92127570207231,119.92127570207231,119.92127570207231,119.92127570207231,119.92127570207231,121.13212941307575,m,1,1.2086701409425586,None,121.13380904914811,121.14223092212342,121.80486237816513,121.63141886005178,,,,,003,JN081225,2025-12-08_16h25.10.099,CuedMentalRotation,,2025.1.1,120.05312263945845,2025-12-08 16h25.35.128166 +0000,
3_z_160_b.jpg,3_z_160_b.jpg,0,100,y,n,100,50,50,0,n,1,1.013177165063098,None,0,50,50,29,121.80486237816513,,,,,,,,,,,,,,,,,,,,,,,,,,,,,121.77725001098588,121.80486237816513,121.80486237816513,121.80486237816513,121.80486237816513,121.80486237816513,121.80486237816513,122.82577144005336,n,1,1.013177165063098,None,122.82612327719107,122.83422190719284,123.49203995498829,123.32522572111338,,,,,003,JN081225,2025-12-08_16h25.10.099,CuedMentalRotation,,2025.1.1,120.05312263945845,2025-12-08 16h25.35.128166 +0000,
2_z_145_a.jpg,2_z_145_b.jpg,0,80,n,m,80,51,51,0,m,1,1.3259923080913723,None,0,51,51,62,123.49203995498829,,,,,,,,,,,,,,,,,,,,,,,,,,,,,123.4717424151022,123.49203995498829,123.49203995498829,123.49203995498829,123.49203995498829,123.49203995498829,123.49203995498829,124.82602903316729,m,1,1.3259923080913723,None,124.82638398115523,124.8346319901757,125.4925431869924,125.32562504801899,,,,,003,JN081225,2025-12-08_16h25.10.099,CuedMentalRotation,,2025.1.1,120.05312263945845,2025-12-08 16h25.35.128166 +0000,
1_z_140_b.jpg,1_z_140_a.jpg,0,0,n,m,0,52,52,0,m,1,1.7574481507763267,None,0,52,52,54,125.4925431869924,,,,,,,,,,,,,,,,,,,,,,,,,,,,,125.47153904102743,125.4925431869924,125.4925431869924,125.4925431869924,125.4925431869924,125.4925431869924,125.4925431869924,127.25148499011993,m,1,1.7574481507763267,None,127.25176722812466,127.25993020809256,127.92307303706184,127.74366667307913,,,,,003,JN081225,2025-12-08_16h25.10.099,CuedMentalRotation,,2025.1.1,120.05312263945845,2025-12-08 16h25.35.128166 +0000,
4_z_310_b.jpg,4_z_310_a.jpg,0,160,n,m,160,53,53,0,m,1,2.6789285191334784,None,0,53,53,17,127.92307303706184,,,,,,,,,,,,,,,,,,,,,,,,,,,,,127.8936029530596,127.92307303706184,127.92307303706184,127.92307303706184,127.92307303706184,127.92307303706184,127.92307303706184,130.61093095620163,m,1,2.6789285191334784,None,130.6112148440443,130.61932773818262,131.29230100801215,131.11031786119565,,,,,003,JN081225,2025-12-08_16h25.10.099,CuedMentalRotation,,2025.1.1,120.05312263945845,2025-12-08 16h25.35.128166 +0000,
3_z_160_a.jpg,3_z_160_b.jpg,0,120,n,m,120,54,54,0,m,1,1.2776866040658206,None,0,54,54,13,131.29230100801215,,,,,,,,,,,,,,,,,,,,,,,,,,,,,131.2669787951745,131.29230100801215,131.29230100801215,131.29230100801215,131.29230100801215,131.29230100801215,131.29230100801215,132.5787465190515,m,1,1.2776866040658206,None,132.57912437198684,132.5872124521993,133.2600891571492,133.07827281602658,,,,,003,JN081225,2025-12-08_16h25.10.099,CuedMentalRotation,,2025.1.1,120.05312263945845,2025-12-08 16h25.35.128166 +0000,
4_z_310_b.jpg,4_z_310_b.jpg,0,40,y,n,40,55,55,0,n,1,1.0059162580873817,None,0,55,55,40,133.2600891571492,,,,,,,,,,,,,,,,,,,,,,,,,,,,,133.23483484005556,133.2600891571492,133.2600891571492,133.2600891571492,133.2600891571492,133.2600891571492,133.2600891571492,134.2699202480726,n,1,1.0059162580873817,None,134.27020316920243,134.2784250571858,134.9289732661564,134.76199497003108,,,,,003,JN081225,2025-12-08_16h25.10.099,CuedMentalRotation,,2025.1.1,120.05312263945845,2025-12-08 16h25.35.128166 +0000,
5_z_340_a.jpg,5_z_340_b.jpg,0,40,n,m,40,56,56,0,m,1,1.049057318130508,None,0,56,56,23,134.9289732661564,,,,,,,,,,,,,,,,,,,,,,,,,,,,,134.90851255715825,134.9289732661564,134.9289732661564,134.9289732661564,134.9289732661564,134.9289732661564,134.9289732661564,135.97933812998235,m,1,1.049057318130508,None,135.9796677401755,135.9878339471761,136.64604345615953,136.47891403804533,,,,,003,JN081225,2025-12-08_16h25.10.099,CuedMentalRotation,,2025.1.1,120.05312263945845,2025-12-08 16h25.35.128166 +0000,
5_z_340_a.jpg,5_z_340_b.jpg,0,160,n,m,160,57,57,0,m,1,2.8759949209634215,None,0,57,57,53,136.64604345615953,,,,,,,,,,,,,,,,,,,,,,,,,,,,,136.62482353416272,136.64604345615953,136.64604345615953,136.64604345615953,136.64604345615953,136.64604345615953,136.64604345615953,139.5306917191483,m,1,2.8759949209634215,None,139.53097354620695,139.53917831508443,140.1969436330255,140.03032075008377,,,,,003,JN081225,2025-12-08_16h25.10.099,CuedMentalRotation,,2025.1.1,120.05312263945845,2025-12-08 16h25.35.128166 +0000,
4_z_310_b.jpg,4_z_310_b.jpg,0,0,y,n,0,58,58,0,n,1,0.9970978319179267,None,0,58,58,18,140.1969436330255,,,,,,,,,,,,,,,,,,,,,,,,,,,,,140.1753344910685,140.1969436330255,140.1969436330255,140.1969436330255,140.1969436330255,140.1969436330255,140.1969436330255,141.19740697718225,n,1,0.9970978319179267,None,141.19769348506816,141.20587192615494,141.86428122711368,141.69719597813673,,,,,003,JN081225,2025-12-08_16h25.10.099,CuedMentalRotation,,2025.1.1,120.05312263945845,2025-12-08 16h25.35.128166 +0000,
5_z_340_a.jpg,5_z_340_b.jpg,0,140,n,m,140,59,59,0,m,1,2.601755080977455,None,0,59,59,15,141.86428122711368,,,,,,,,,,,,,,,,,,,,,,,,,,,,,141.8431519861333,141.86428122711368,141.86428122711368,141.86428122711368,141.86428122711368,141.86428122711368,141.86428122711368,144.47290795017034,m,1,2.601755080977455,None,144.47318828315474,144.48166309320368,145.1317864099983,144.96501209307462,,,,,003,JN081225,2025-12-08_16h25.10.099,CuedMentalRotation,,2025.1.1,120.05312263945845,2025-12-08 16h25.35.128166 +0000,
4_z_310_a.jpg,4_z_310_b.jpg,0,60,n,m,60,60,60,0,n,0,1.190241984790191,None,0,60,60,42,145.1317864099983,,,,,,,,,,,,,,,,,,,,,,,,,,,,,145.11047640210018,145.1317864099983,145.1317864099983,145.1317864099983,145.1317864099983,145.1317864099983,145.1317864099983,146.32337652309798,n,0,1.190241984790191,None,146.32542099617422,146.3489353551995,,146.83193397405557,,,,,003,JN081225,2025-12-08_16h25.10.099,CuedMentalRotation,,2025.1.1,120.05312263945845,2025-12-08 16h25.35.128166 +0000,
5_z_340_a.jpg,5_z_340_a.jpg,0,0,y,n,0,61,61,0,n,1,1.0188030400313437,None,0,61,61,19,146.99924360704608,,,,,,,,,,,,,,,,,,,,,,,,,,,,,146.97843136708252,146.99924360704608,146.99924360704608,146.99924360704608,146.99924360704608,146.99924360704608,146.99924360704608,148.02426790306345,n,1,1.0188030400313437,None,148.0259510150645,148.03430948918685,148.6972535920795,148.52382307616062,,,,,003,JN081225,2025-12-08_16h25.10.099,CuedMentalRotation,,2025.1.1,120.05312263945845,2025-12-08 16h25.35.128166 +0000,
3_z_160_a.jpg,3_z_160_b.jpg,0,40,n,m,40,62,62,0,n,0,1.5927291889674962,None,0,62,62,22,148.6972535920795,,,,,,,,,,,,,,,,,,,,,,,,,,,,,148.67049570311792,148.6972535920795,148.6972535920795,148.6972535920795,148.6972535920795,148.6972535920795,148.6972535920795,150.29137851321138,n,0,1.5927291889674962,None,150.29308580607176,150.31723281205632,,150.79996887920424,,,,,003,JN081225,2025-12-08_16h25.10.099,CuedMentalRotation,,2025.1.1,120.05312263945845,2025-12-08 16h25.35.128166 +0000,
2_z_145_b.jpg,2_z_145_b.jpg,0,40,y,n,40,63,63,0,n,1,1.1300904678646475,None,0,63,63,59,151.04790695314296,,,,,,,,,,,,,,,,,,,,,,,,,,,,,150.9470138300676,151.04790695314296,151.04790695314296,151.04790695314296,151.04790695314296,151.04790695314296,151.04790695314296,152.1851615360938,n,1,1.1300904678646475,None,152.1869530430995,152.19889046810567,152.85123070399277,152.6847621181514,,,,,003,JN081225,2025-12-08_16h25.10.099,CuedMentalRotation,,2025.1.1,120.05312263945845,2025-12-08 16h25.35.128166 +0000,
2_z_145_a.jpg,2_z_145_a.jpg,0,120,y,n,120,64,64,0,n,1,2.046808011131361,None,0,64,64,66,152.85123070399277,,,,,,,,,,,,,,,,,,,,,,,,,,,,,152.8310731460806,152.85123070399277,152.85123070399277,152.85123070399277,152.85123070399277,152.85123070399277,152.85123070399277,154.90198568813503,n,1,2.046808011131361,None,154.90227151405998,154.91049596620724,155.56841463199817,155.40156226418912,,,,,003,JN081225,2025-12-08_16h25.10.099,CuedMentalRotation,,2025.1.1,120.05312263945845,2025-12-08 16h25.35.128166 +0000,
4_z_310_b.jpg,4_z_310_a.jpg,0,140,n,m,140,65,65,0,m,1,1.5376138121355325,None,0,65,65,32,155.56841463199817,,,,,,,,,,,,,,,,,,,,,,,,,,,,,155.54677450703457,155.56841463199817,155.56841463199817,155.56841463199817,155.56841463199817,155.56841463199817,155.56841463199817,157.11081516416743,m,1,1.5376138121355325,None,157.11109659308568,157.11934442608617,157.76936816098168,157.60284690815024,,,,,003,JN081225,2025-12-08_16h25.10.099,CuedMentalRotation,,2025.1.1,120.05312263945845,2025-12-08 16h25.35.128166 +0000,
1_z_140_a.jpg,1_z_140_a.jpg,0,160,y,n,160,66,66,0,n,1,3.4085867130197585,None,0,66,66,35,157.76936816098168,,,,,,,,,,,,,,,,,,,,,,,,,,,,,157.74906719499268,157.76936816098168,157.76936816098168,157.76936816098168,157.76936816098168,157.76936816098168,157.76936816098168,161.1870950430166,n,1,3.4085867130197585,None,161.18740072706714,161.1954075351823,161.8537683710456,161.68667944101617,,,,,003,JN081225,2025-12-08_16h25.10.099,CuedMentalRotation,,2025.1.1,120.05312263945845,2025-12-08 16h25.35.128166 +0000,
5_z_340_a.jpg,5_z_340_a.jpg,0,60,y,n,60,67,67,0,n,1,1.3082009700592607,None,0,67,67,60,161.8537683710456,,,,,,,,,,,,,,,,,,,,,,,,,,,,,161.83220306201838,161.8537683710456,161.8537683710456,161.8537683710456,161.8537683710456,161.8537683710456,161.8537683710456,163.17148861614987,n,1,1.3082009700592607,None,163.17177493218333,163.17996659805067,163.83785707317293,163.67111993115395,,,,,003,JN081225,2025-12-08_16h25.10.099,CuedMentalRotation,,2025.1.1,120.05312263945845,2025-12-08 16h25.35.128166 +0000,
2_z_145_a.jpg,2_z_145_b.jpg,0,100,n,m,100,68,68,0,m,1,1.3401017291471362,None,0,68,68,65,163.83785707317293,,,,,,,,,,,,,,,,,,,,,,,,,,,,,163.81706005800515,163.83785707317293,163.83785707317293,163.83785707317293,163.83785707317293,163.83785707317293,163.83785707317293,165.17921943310648,m,1,1.3401017291471362,None,165.17952102120034,165.18782791518606,165.83846532017924,165.67143456707709,,,,,003,JN081225,2025-12-08_16h25.10.099,CuedMentalRotation,,2025.1.1,120.05312263945845,2025-12-08 16h25.35.128166 +0000,
1_z_140_a.jpg,1_z_140_a.jpg,0,160,y,n,160,69,69,0,n,1,2.011553361080587,None,0,69,69,34,165.83846532017924,,,,,,,,,,,,,,,,,,,,,,,,,,,,,165.81762605416588,165.83846532017924,165.83846532017924,165.83846532017924,165.83846532017924,165.83846532017924,165.83846532017924,167.85638254205696,n,1,2.011553361080587,None,167.85666356701404,167.86480157310143,168.5226415740326,168.35608679102734,,,,,003,JN081225,2025-12-08_16h25.10.099,CuedMentalRotation,,2025.1.1,120.05312263945845,2025-12-08 16h25.35.128166 +0000,
5_z_340_b.jpg,5_z_340_b.jpg,0,100,y,n,100,70,70,0,n,1,1.9834553359542042,None,0,70,70,28,168.5226415740326,,,,,,,,,,,,,,,,,,,,,,,,,,,,,168.50224681501277,168.5226415740326,168.5226415740326,168.5226415740326,168.5226415740326,168.5226415740326,168.5226415740326,170.51531228702515,n,1,1.9834553359542042,None,170.51558842905797,170.52287051198073,171.17330903699622,171.0064511911478,,,,,003,JN081225,2025-12-08_16h25.10.099,CuedMentalRotation,,2025.1.1,120.05312263945845,2025-12-08 16h25.35.128166 +0000,
1_z_140_b.jpg,1_z_140_a.jpg,0,40,n,m,40,71,71,0,m,1,1.1646809070371091,None,0,71,71,41,171.17330903699622,,,,,,,,,,,,,,,,,,,,,,,,,,,,,171.15241989819333,171.17330903699622,171.17330903699622,171.17330903699622,171.17330903699622,171.17330903699622,171.17330903699622,172.3413656791672,m,1,1.1646809070371091,None,172.34164722217247,172.34987268107943,172.85544932004996,172.84072054107673,,,,,003,JN081225,2025-12-08_16h25.10.099,CuedMentalRotation,,2025.1.1,120.05312263945845,2025-12-08 16h25.35.128166 +0000,
,,,,,,,,,,,,,,,,,,,,,,,,,,,,,,,,,,,,,,,,,,,,,,,,,,,,,,,,,,,,,,,172.84780324809253,172.85544932004996,172.85544932004996,179.60026892111637,003,JN081225,2025-12-08_16h25.10.099,CuedMentalRotation,,2025.1.1,120.05312263945845,2025-12-08 16h25.35.128166 +0000,
