Angle,ReactionTime_s,trials.key_resp.corr,ID,SourceFile,ReactionTime_ms
0.0,1.903360239986796,1.0,AL240226,AL240226_001_2026-02-24_15h14.11.590.csv,1903.360239986796
0.0,12.185046642000088,1.0,AL240226,AL240226_001_2026-02-24_15h14.11.590.csv,12185.046642000088
0.0,2.735995096008992,1.0,AL240226,AL240226_001_2026-02-24_15h14.11.590.csv,2735.995096008992
0.0,1.9574951819959097,1.0,AL240226,AL240226_001_2026-02-24_15h14.11.590.csv,1957.4951819959097
0.0,1.7554213860130403,1.0,AL240226,AL240226_001_2026-02-24_15h14.11.590.csv,1755.4213860130403
0.0,2.944580756011419,1.0,AL240226,AL240226_001_2026-02-24_15h14.11.590.csv,2944.580756011419
0.0,17.516444179986138,1.0,AL240226,AL240226_001_2026-02-24_15h14.11.590.csv,17516.444179986138
0.0,1.6785366740077734,1.0,AL240226,AL240226_001_2026-02-24_15h14.11.590.csv,1678.5366740077734
0.0,1.614565818978008,1.0,AL240226,AL240226_001_2026-02-24_15h14.11.590.csv,1614.565818978008
0.0,1.4216863790061325,1.0,AL240226,AL240226_001_2026-02-24_15h14.11.590.csv,1421.6863790061325
0.0,4.351925133989425,1.0,AL240226,AL240226_001_2026-02-24_15h14.11.590.csv,4351.925133989425
0.0,4.975136752007529,1.0,AL240226,AL240226_001_2026-02-24_15h14.11.590.csv,4975.136752007529
0.0,1.1800561489944812,1.0,AL240226,AL240226_001_2026-02-24_15h14.11.590.csv,1180.0561489944812
20.0,3.2800217009789776,1.0,AL240226,AL240226_001_2026-02-24_15h14.11.590.csv,3280.0217009789776
20.0,3.927550134016201,1.0,AL240226,AL240226_001_2026-02-24_15h14.11.590.csv,3927.550134016201
20.0,3.3405363770143595,1.0,AL240226,AL240226_001_2026-02-24_15h14.11.590.csv,3340.5363770143595
20.0,2.987688908004202,1.0,AL240226,AL240226_001_2026-02-24_15h14.11.590.csv,2987.688908004202
20.0,8.560558795026736,1.0,AL240226,AL240226_001_2026-02-24_15h14.11.590.csv,8560.558795026736
20.0,3.607675475999713,1.0,AL240226,AL240226_001_2026-02-24_15h14.11.590.csv,3607.675475999713
20.0,3.668171740981052,1.0,AL240226,AL240226_001_2026-02-24_15h14.11.590.csv,3668.171740981052
20.0,4.168812477000756,1.0,AL240226,AL240226_001_2026-02-24_15h14.11.590.csv,4168.812477000756
20.0,1.6040527620061766,1.0,AL240226,AL240226_001_2026-02-24_15h14.11.590.csv,1604.0527620061766
20.0,1.5021317549981177,1.0,AL240226,AL240226_001_2026-02-24_15h14.11.590.csv,1502.1317549981177
20.0,19.800545738980873,1.0,AL240226,AL240226_001_2026-02-24_15h14.11.590.csv,19800.545738980873
20.0,1.4019485709723083,1.0,AL240226,AL240226_001_2026-02-24_15h14.11.590.csv,1401.9485709723083
20.0,2.60797921998892,1.0,AL240226,AL240226_001_2026-02-24_15h14.11.590.csv,2607.97921998892
20.0,1.9250305570021735,1.0,AL240226,AL240226_001_2026-02-24_15h14.11.590.csv,1925.0305570021735
20.0,2.0540884420042858,1.0,AL240226,AL240226_001_2026-02-24_15h14.11.590.csv,2054.0884420042858
40.0,4.413936422992265,1.0,AL240226,AL240226_001_2026-02-24_15h14.11.590.csv,4413.936422992265
40.0,2.96023288401193,1.0,AL240226,AL240226_001_2026-02-24_15h14.11.590.csv,2960.23288401193
40.0,2.9072506930097006,1.0,AL240226,AL240226_001_2026-02-24_15h14.11.590.csv,2907.2506930097006
40.0,6.217703006986994,1.0,AL240226,AL240226_001_2026-02-24_15h14.11.590.csv,6217.703006986994
40.0,3.906256004003808,1.0,AL240226,AL240226_001_2026-02-24_15h14.11.590.csv,3906.256004003808
40.0,2.7591108080232516,1.0,AL240226,AL240226_001_2026-02-24_15h14.11.590.csv,2759.1108080232516
40.0,1.3715808690176343,1.0,AL240226,AL240226_001_2026-02-24_15h14.11.590.csv,1371.5808690176343
40.0,4.510714119998738,1.0,AL240226,AL240226_001_2026-02-24_15h14.11.590.csv,4510.714119998738
40.0,8.797368100989843,1.0,AL240226,AL240226_001_2026-02-24_15h14.11.590.csv,8797.368100989843
40.0,15.64741901200614,1.0,AL240226,AL240226_001_2026-02-24_15h14.11.590.csv,15647.41901200614
40.0,8.183050856983755,1.0,AL240226,AL240226_001_2026-02-24_15h14.11.590.csv,8183.050856983755
40.0,10.5060844339896,1.0,AL240226,AL240226_001_2026-02-24_15h14.11.590.csv,10506.0844339896
40.0,4.614729091990739,1.0,AL240226,AL240226_001_2026-02-24_15h14.11.590.csv,4614.729091990739
60.0,7.957235258974833,1.0,AL240226,AL240226_001_2026-02-24_15h14.11.590.csv,7957.235258974833
60.0,3.7040187740058177,1.0,AL240226,AL240226_001_2026-02-24_15h14.11.590.csv,3704.0187740058177
60.0,2.0774552640214097,1.0,AL240226,AL240226_001_2026-02-24_15h14.11.590.csv,2077.4552640214097
60.0,4.017264868016355,1.0,AL240226,AL240226_001_2026-02-24_15h14.11.590.csv,4017.2648680163547
60.0,7.7867009050096385,1.0,AL240226,AL240226_001_2026-02-24_15h14.11.590.csv,7786.7009050096385
60.0,2.3546934080077335,1.0,AL240226,AL240226_001_2026-02-24_15h14.11.590.csv,2354.6934080077335
60.0,6.5625274699996226,1.0,AL240226,AL240226_001_2026-02-24_15h14.11.590.csv,6562.527469999623
60.0,3.217024619982112,1.0,AL240226,AL240226_001_2026-02-24_15h14.11.590.csv,3217.024619982112
60.0,6.571402467001462,1.0,AL240226,AL240226_001_2026-02-24_15h14.11.590.csv,6571.402467001462
60.0,6.257873020018451,1.0,AL240226,AL240226_001_2026-02-24_15h14.11.590.csv,6257.873020018451
60.0,8.349565657990752,1.0,AL240226,AL240226_001_2026-02-24_15h14.11.590.csv,8349.565657990752
60.0,7.758113185991533,1.0,AL240226,AL240226_001_2026-02-24_15h14.11.590.csv,7758.113185991533
60.0,3.0111653530038893,1.0,AL240226,AL240226_001_2026-02-24_15h14.11.590.csv,3011.1653530038893
60.0,3.484560627985047,1.0,AL240226,AL240226_001_2026-02-24_15h14.11.590.csv,3484.560627985047
80.0,2.9359991299861576,1.0,AL240226,AL240226_001_2026-02-24_15h14.11.590.csv,2935.9991299861576
80.0,2.4846331339795142,1.0,AL240226,AL240226_001_2026-02-24_15h14.11.590.csv,2484.6331339795142
80.0,4.022788048983784,1.0,AL240226,AL240226_001_2026-02-24_15h14.11.590.csv,4022.7880489837844
80.0,6.194847495004069,1.0,AL240226,AL240226_001_2026-02-24_15h14.11.590.csv,6194.847495004069
80.0,5.425925560994074,1.0,AL240226,AL240226_001_2026-02-24_15h14.11.590.csv,5425.925560994074
80.0,7.48466913899756,1.0,AL240226,AL240226_001_2026-02-24_15h14.11.590.csv,7484.66913899756
80.0,1.8320589269860648,1.0,AL240226,AL240226_001_2026-02-24_15h14.11.590.csv,1832.0589269860648
80.0,2.9342268979817163,1.0,AL240226,AL240226_001_2026-02-24_15h14.11.590.csv,2934.2268979817163
80.0,2.461448277987074,1.0,AL240226,AL240226_001_2026-02-24_15h14.11.590.csv,2461.448277987074
80.0,1.9908126740192529,1.0,AL240226,AL240226_001_2026-02-24_15h14.11.590.csv,1990.8126740192529
80.0,2.1580141769954935,1.0,AL240226,AL240226_001_2026-02-24_15h14.11.590.csv,2158.0141769954935
80.0,2.4515162970055826,1.0,AL240226,AL240226_001_2026-02-24_15h14.11.590.csv,2451.5162970055826
80.0,3.356229564989917,1.0,AL240226,AL240226_001_2026-02-24_15h14.11.590.csv,3356.229564989917
80.0,7.080484269012231,1.0,AL240226,AL240226_001_2026-02-24_15h14.11.590.csv,7080.484269012231
80.0,6.214019045990426,1.0,AL240226,AL240226_001_2026-02-24_15h14.11.590.csv,6214.019045990426
100.0,3.71194453901262,1.0,AL240226,AL240226_001_2026-02-24_15h14.11.590.csv,3711.9445390126198
100.0,7.785223223007051,1.0,AL240226,AL240226_001_2026-02-24_15h14.11.590.csv,7785.223223007051
100.0,4.146586323011434,1.0,AL240226,AL240226_001_2026-02-24_15h14.11.590.csv,4146.586323011434
100.0,1.542552055005217,1.0,AL240226,AL240226_001_2026-02-24_15h14.11.590.csv,1542.552055005217
100.0,3.2612382160150446,1.0,AL240226,AL240226_001_2026-02-24_15h14.11.590.csv,3261.2382160150446
100.0,26.288699902012013,1.0,AL240226,AL240226_001_2026-02-24_15h14.11.590.csv,26288.699902012013
100.0,6.679978600994218,1.0,AL240226,AL240226_001_2026-02-24_15h14.11.590.csv,6679.978600994218
100.0,7.361115274019539,1.0,AL240226,AL240226_001_2026-02-24_15h14.11.590.csv,7361.115274019539
100.0,1.964255708997371,1.0,AL240226,AL240226_001_2026-02-24_15h14.11.590.csv,1964.255708997371
100.0,5.888014291005675,1.0,AL240226,AL240226_001_2026-02-24_15h14.11.590.csv,5888.014291005675
100.0,11.097436750977067,1.0,AL240226,AL240226_001_2026-02-24_15h14.11.590.csv,11097.436750977067
100.0,2.744156972010387,1.0,AL240226,AL240226_001_2026-02-24_15h14.11.590.csv,2744.156972010387
100.0,3.5623905429965816,1.0,AL240226,AL240226_001_2026-02-24_15h14.11.590.csv,3562.3905429965816
100.0,8.003656651009806,1.0,AL240226,AL240226_001_2026-02-24_15h14.11.590.csv,8003.6566510098055
120.0,8.239166382991243,1.0,AL240226,AL240226_001_2026-02-24_15h14.11.590.csv,8239.166382991243
120.0,2.0806423030153383,1.0,AL240226,AL240226_001_2026-02-24_15h14.11.590.csv,2080.6423030153383
120.0,4.774849249020917,1.0,AL240226,AL240226_001_2026-02-24_15h14.11.590.csv,4774.849249020917
120.0,4.478886823984794,1.0,AL240226,AL240226_001_2026-02-24_15h14.11.590.csv,4478.886823984794
120.0,2.0448959649947938,1.0,AL240226,AL240226_001_2026-02-24_15h14.11.590.csv,2044.8959649947938
120.0,6.363584657985484,1.0,AL240226,AL240226_001_2026-02-24_15h14.11.590.csv,6363.584657985484
120.0,9.668606566003293,1.0,AL240226,AL240226_001_2026-02-24_15h14.11.590.csv,9668.606566003293
120.0,2.2280864600033965,1.0,AL240226,AL240226_001_2026-02-24_15h14.11.590.csv,2228.0864600033965
120.0,2.2426065190229565,1.0,AL240226,AL240226_001_2026-02-24_15h14.11.590.csv,2242.6065190229565
120.0,2.5020665710035246,1.0,AL240226,AL240226_001_2026-02-24_15h14.11.590.csv,2502.0665710035246
120.0,9.498213262995703,1.0,AL240226,AL240226_001_2026-02-24_15h14.11.590.csv,9498.213262995703
120.0,2.341220212983899,1.0,AL240226,AL240226_001_2026-02-24_15h14.11.590.csv,2341.220212983899
120.0,4.691955093992874,1.0,AL240226,AL240226_001_2026-02-24_15h14.11.590.csv,4691.955093992874
140.0,7.2987395219970495,1.0,AL240226,AL240226_001_2026-02-24_15h14.11.590.csv,7298.739521997049
140.0,8.972216057998594,1.0,AL240226,AL240226_001_2026-02-24_15h14.11.590.csv,8972.216057998594
140.0,6.826103399012936,1.0,AL240226,AL240226_001_2026-02-24_15h14.11.590.csv,6826.103399012936
140.0,7.628176653000992,1.0,AL240226,AL240226_001_2026-02-24_15h14.11.590.csv,7628.176653000992
140.0,7.248397653980646,1.0,AL240226,AL240226_001_2026-02-24_15h14.11.590.csv,7248.397653980646
140.0,5.7271762560121715,1.0,AL240226,AL240226_001_2026-02-24_15h14.11.590.csv,5727.1762560121715
140.0,6.980637855012901,1.0,AL240226,AL240226_001_2026-02-24_15h14.11.590.csv,6980.637855012901
140.0,1.539380564005114,1.0,AL240226,AL240226_001_2026-02-24_15h14.11.590.csv,1539.380564005114
140.0,9.4325306279934,1.0,AL240226,AL240226_001_2026-02-24_15h14.11.590.csv,9432.5306279934
140.0,2.8724323060014285,1.0,AL240226,AL240226_001_2026-02-24_15h14.11.590.csv,2872.4323060014285
140.0,3.903965626988793,1.0,AL240226,AL240226_001_2026-02-24_15h14.11.590.csv,3903.965626988793
140.0,5.1223049259861,1.0,AL240226,AL240226_001_2026-02-24_15h14.11.590.csv,5122.3049259861
140.0,10.70581832199241,1.0,AL240226,AL240226_001_2026-02-24_15h14.11.590.csv,10705.81832199241
140.0,16.28652422199957,1.0,AL240226,AL240226_001_2026-02-24_15h14.11.590.csv,16286.52422199957
160.0,5.494813725003041,1.0,AL240226,AL240226_001_2026-02-24_15h14.11.590.csv,5494.813725003041
160.0,2.7653672830201685,1.0,AL240226,AL240226_001_2026-02-24_15h14.11.590.csv,2765.3672830201685
160.0,9.256146964005891,1.0,AL240226,AL240226_001_2026-02-24_15h14.11.590.csv,9256.146964005891
160.0,2.074124800012214,1.0,AL240226,AL240226_001_2026-02-24_15h14.11.590.csv,2074.124800012214
160.0,7.093241646012757,1.0,AL240226,AL240226_001_2026-02-24_15h14.11.590.csv,7093.241646012757
160.0,3.4497912650112994,1.0,AL240226,AL240226_001_2026-02-24_15h14.11.590.csv,3449.7912650112994
160.0,5.082402079977328,1.0,AL240226,AL240226_001_2026-02-24_15h14.11.590.csv,5082.402079977328
160.0,7.769777428999077,1.0,AL240226,AL240226_001_2026-02-24_15h14.11.590.csv,7769.777428999077
160.0,2.607203264022246,1.0,AL240226,AL240226_001_2026-02-24_15h14.11.590.csv,2607.203264022246
160.0,3.660599082999397,1.0,AL240226,AL240226_001_2026-02-24_15h14.11.590.csv,3660.599082999397
0.0,5.279114486009348,1.0,BES240226,BES240226_001_2026-02-24_14h06.32.478.csv,5279.114486009348
0.0,2.0267785119940527,1.0,BES240226,BES240226_001_2026-02-24_14h06.32.478.csv,2026.7785119940527
0.0,1.2647412680089474,1.0,BES240226,BES240226_001_2026-02-24_14h06.32.478.csv,1264.7412680089474
0.0,1.6147412709833588,1.0,BES240226,BES240226_001_2026-02-24_14h06.32.478.csv,1614.7412709833588
0.0,1.423032727005193,1.0,BES240226,BES240226_001_2026-02-24_14h06.32.478.csv,1423.032727005193
0.0,1.5002927469904537,1.0,BES240226,BES240226_001_2026-02-24_14h06.32.478.csv,1500.2927469904537
0.0,1.222172189009143,1.0,BES240226,BES240226_001_2026-02-24_14h06.32.478.csv,1222.172189009143
0.0,2.5964209230151027,1.0,BES240226,BES240226_001_2026-02-24_14h06.32.478.csv,2596.4209230151027
0.0,0.7530518770217896,1.0,BES240226,BES240226_001_2026-02-24_14h06.32.478.csv,753.0518770217896
0.0,1.2191778350097593,1.0,BES240226,BES240226_001_2026-02-24_14h06.32.478.csv,1219.1778350097593
0.0,0.9070836920000148,1.0,BES240226,BES240226_001_2026-02-24_14h06.32.478.csv,907.0836920000148
0.0,1.828955634002341,1.0,BES240226,BES240226_001_2026-02-24_14h06.32.478.csv,1828.955634002341
0.0,4.312049005995505,1.0,BES240226,BES240226_001_2026-02-24_14h06.32.478.csv,4312.049005995505
0.0,2.275853088009171,1.0,BES240226,BES240226_001_2026-02-24_14h06.32.478.csv,2275.853088009171
20.0,1.5656163899984676,1.0,BES240226,BES240226_001_2026-02-24_14h06.32.478.csv,1565.6163899984676
20.0,1.3912436880054884,1.0,BES240226,BES240226_001_2026-02-24_14h06.32.478.csv,1391.2436880054884
20.0,1.573492046998581,1.0,BES240226,BES240226_001_2026-02-24_14h06.32.478.csv,1573.492046998581
20.0,1.5650419770099688,1.0,BES240226,BES240226_001_2026-02-24_14h06.32.478.csv,1565.0419770099688
20.0,1.3090691389807034,1.0,BES240226,BES240226_001_2026-02-24_14h06.32.478.csv,1309.0691389807034
20.0,2.0079049930209294,1.0,BES240226,BES240226_001_2026-02-24_14h06.32.478.csv,2007.9049930209294
20.0,1.7316690770094283,1.0,BES240226,BES240226_001_2026-02-24_14h06.32.478.csv,1731.6690770094283
20.0,1.5126986959949136,1.0,BES240226,BES240226_001_2026-02-24_14h06.32.478.csv,1512.6986959949136
20.0,4.446811103989603,1.0,BES240226,BES240226_001_2026-02-24_14h06.32.478.csv,4446.811103989603
20.0,2.0078653230157215,1.0,BES240226,BES240226_001_2026-02-24_14h06.32.478.csv,2007.8653230157215
20.0,1.6736287329986226,1.0,BES240226,BES240226_001_2026-02-24_14h06.32.478.csv,1673.6287329986226
20.0,1.29981654099538,1.0,BES240226,BES240226_001_2026-02-24_14h06.32.478.csv,1299.81654099538
20.0,1.986722527013626,1.0,BES240226,BES240226_001_2026-02-24_14h06.32.478.csv,1986.722527013626
20.0,2.0017346530221403,1.0,BES240226,BES240226_001_2026-02-24_14h06.32.478.csv,2001.7346530221403
20.0,2.3026197889994364,1.0,BES240226,BES240226_001_2026-02-24_14h06.32.478.csv,2302.6197889994364
20.0,2.5312884309969377,1.0,BES240226,BES240226_001_2026-02-24_14h06.32.478.csv,2531.2884309969377
40.0,1.4841323560103774,1.0,BES240226,BES240226_001_2026-02-24_14h06.32.478.csv,1484.1323560103774
40.0,2.4241012209968176,1.0,BES240226,BES240226_001_2026-02-24_14h06.32.478.csv,2424.1012209968176
40.0,2.9810215100005735,1.0,BES240226,BES240226_001_2026-02-24_14h06.32.478.csv,2981.0215100005735
40.0,2.1333205190021545,1.0,BES240226,BES240226_001_2026-02-24_14h06.32.478.csv,2133.3205190021545
40.0,2.566023541003233,1.0,BES240226,BES240226_001_2026-02-24_14h06.32.478.csv,2566.023541003233
40.0,1.3637750069901813,1.0,BES240226,BES240226_001_2026-02-24_14h06.32.478.csv,1363.7750069901813
40.0,2.243601205002051,1.0,BES240226,BES240226_001_2026-02-24_14h06.32.478.csv,2243.601205002051
40.0,1.5620672549994197,1.0,BES240226,BES240226_001_2026-02-24_14h06.32.478.csv,1562.0672549994197
40.0,0.9644782989926172,1.0,BES240226,BES240226_001_2026-02-24_14h06.32.478.csv,964.4782989926172
40.0,1.4950793770258315,1.0,BES240226,BES240226_001_2026-02-24_14h06.32.478.csv,1495.0793770258315
40.0,1.4430504319898318,1.0,BES240226,BES240226_001_2026-02-24_14h06.32.478.csv,1443.0504319898318
40.0,1.631210175983142,1.0,BES240226,BES240226_001_2026-02-24_14h06.32.478.csv,1631.210175983142
40.0,1.1895318169845268,1.0,BES240226,BES240226_001_2026-02-24_14h06.32.478.csv,1189.5318169845268
40.0,1.5139062560047023,1.0,BES240226,BES240226_001_2026-02-24_14h06.32.478.csv,1513.9062560047023
60.0,1.7766237239993643,1.0,BES240226,BES240226_001_2026-02-24_14h06.32.478.csv,1776.6237239993643
60.0,1.7483697299903724,1.0,BES240226,BES240226_001_2026-02-24_14h06.32.478.csv,1748.3697299903724
60.0,2.9958636469964404,1.0,BES240226,BES240226_001_2026-02-24_14h06.32.478.csv,2995.8636469964404
60.0,3.8602737369947135,1.0,BES240226,BES240226_001_2026-02-24_14h06.32.478.csv,3860.2737369947135
60.0,1.801878102996852,1.0,BES240226,BES240226_001_2026-02-24_14h06.32.478.csv,1801.878102996852
60.0,4.368202050012769,1.0,BES240226,BES240226_001_2026-02-24_14h06.32.478.csv,4368.202050012769
60.0,1.9523550889862236,1.0,BES240226,BES240226_001_2026-02-24_14h06.32.478.csv,1952.3550889862236
60.0,2.123059887002455,1.0,BES240226,BES240226_001_2026-02-24_14h06.32.478.csv,2123.059887002455
60.0,1.708284521009773,1.0,BES240226,BES240226_001_2026-02-24_14h06.32.478.csv,1708.284521009773
60.0,1.4719065430108458,1.0,BES240226,BES240226_001_2026-02-24_14h06.32.478.csv,1471.9065430108458
60.0,3.842539116012631,1.0,BES240226,BES240226_001_2026-02-24_14h06.32.478.csv,3842.539116012631
60.0,1.62625782500254,1.0,BES240226,BES240226_001_2026-02-24_14h06.32.478.csv,1626.25782500254
60.0,2.103343257011147,1.0,BES240226,BES240226_001_2026-02-24_14h06.32.478.csv,2103.343257011147
60.0,2.055271093995543,1.0,BES240226,BES240226_001_2026-02-24_14h06.32.478.csv,2055.271093995543
80.0,1.890778564003995,1.0,BES240226,BES240226_001_2026-02-24_14h06.32.478.csv,1890.778564003995
80.0,1.536685410013888,1.0,BES240226,BES240226_001_2026-02-24_14h06.32.478.csv,1536.685410013888
80.0,1.6277311260055285,1.0,BES240226,BES240226_001_2026-02-24_14h06.32.478.csv,1627.7311260055285
80.0,2.2110263829817995,1.0,BES240226,BES240226_001_2026-02-24_14h06.32.478.csv,2211.0263829817995
80.0,1.936285489005968,1.0,BES240226,BES240226_001_2026-02-24_14h06.32.478.csv,1936.285489005968
80.0,2.2343113950046245,1.0,BES240226,BES240226_001_2026-02-24_14h06.32.478.csv,2234.3113950046245
80.0,3.3780809309973847,1.0,BES240226,BES240226_001_2026-02-24_14h06.32.478.csv,3378.0809309973847
80.0,2.8645167149952613,1.0,BES240226,BES240226_001_2026-02-24_14h06.32.478.csv,2864.5167149952613
80.0,1.999805200000992,1.0,BES240226,BES240226_001_2026-02-24_14h06.32.478.csv,1999.805200000992
80.0,1.8998525929928292,1.0,BES240226,BES240226_001_2026-02-24_14h06.32.478.csv,1899.8525929928292
80.0,3.0579151590063702,1.0,BES240226,BES240226_001_2026-02-24_14h06.32.478.csv,3057.9151590063702
80.0,2.0096062739903573,1.0,BES240226,BES240226_001_2026-02-24_14h06.32.478.csv,2009.6062739903573
80.0,8.791742264002096,1.0,BES240226,BES240226_001_2026-02-24_14h06.32.478.csv,8791.742264002096
80.0,2.91964147699764,1.0,BES240226,BES240226_001_2026-02-24_14h06.32.478.csv,2919.64147699764
100.0,2.2691099460062105,1.0,BES240226,BES240226_001_2026-02-24_14h06.32.478.csv,2269.1099460062105
100.0,3.3786774670006707,1.0,BES240226,BES240226_001_2026-02-24_14h06.32.478.csv,3378.6774670006707
100.0,1.5348130400234368,1.0,BES240226,BES240226_001_2026-02-24_14h06.32.478.csv,1534.8130400234368
100.0,2.103502459009178,1.0,BES240226,BES240226_001_2026-02-24_14h06.32.478.csv,2103.502459009178
100.0,1.3723149730067234,1.0,BES240226,BES240226_001_2026-02-24_14h06.32.478.csv,1372.3149730067234
100.0,4.071269151987508,1.0,BES240226,BES240226_001_2026-02-24_14h06.32.478.csv,4071.269151987508
100.0,4.403049159998773,1.0,BES240226,BES240226_001_2026-02-24_14h06.32.478.csv,4403.049159998773
100.0,1.1945941380108709,1.0,BES240226,BES240226_001_2026-02-24_14h06.32.478.csv,1194.594138010871
100.0,4.47925101799774,1.0,BES240226,BES240226_001_2026-02-24_14h06.32.478.csv,4479.25101799774
100.0,2.140572153002722,1.0,BES240226,BES240226_001_2026-02-24_14h06.32.478.csv,2140.572153002722
100.0,1.8070390050124845,1.0,BES240226,BES240226_001_2026-02-24_14h06.32.478.csv,1807.0390050124845
100.0,4.86897399299778,1.0,BES240226,BES240226_001_2026-02-24_14h06.32.478.csv,4868.97399299778
100.0,1.9359787100111137,1.0,BES240226,BES240226_001_2026-02-24_14h06.32.478.csv,1935.9787100111137
120.0,5.604276572004892,1.0,BES240226,BES240226_001_2026-02-24_14h06.32.478.csv,5604.276572004892
120.0,2.9701136889925692,1.0,BES240226,BES240226_001_2026-02-24_14h06.32.478.csv,2970.113688992569
120.0,1.6947681519959588,1.0,BES240226,BES240226_001_2026-02-24_14h06.32.478.csv,1694.7681519959588
120.0,5.9336476440075785,1.0,BES240226,BES240226_001_2026-02-24_14h06.32.478.csv,5933.6476440075785
120.0,3.1687717599852476,1.0,BES240226,BES240226_001_2026-02-24_14h06.32.478.csv,3168.7717599852476
120.0,1.559003404021496,1.0,BES240226,BES240226_001_2026-02-24_14h06.32.478.csv,1559.003404021496
120.0,2.4461046080105007,1.0,BES240226,BES240226_001_2026-02-24_14h06.32.478.csv,2446.1046080105007
120.0,1.814346998988185,1.0,BES240226,BES240226_001_2026-02-24_14h06.32.478.csv,1814.346998988185
120.0,1.29198692200589,1.0,BES240226,BES240226_001_2026-02-24_14h06.32.478.csv,1291.98692200589
120.0,7.8240221820014995,1.0,BES240226,BES240226_001_2026-02-24_14h06.32.478.csv,7824.0221820014995
120.0,1.5727215110091493,1.0,BES240226,BES240226_001_2026-02-24_14h06.32.478.csv,1572.7215110091493
120.0,2.2667456359777134,1.0,BES240226,BES240226_001_2026-02-24_14h06.32.478.csv,2266.7456359777134
120.0,2.994882694008993,1.0,BES240226,BES240226_001_2026-02-24_14h06.32.478.csv,2994.882694008993
120.0,2.5887628519849386,1.0,BES240226,BES240226_001_2026-02-24_14h06.32.478.csv,2588.7628519849386
140.0,5.22404952000943,1.0,BES240226,BES240226_001_2026-02-24_14h06.32.478.csv,5224.04952000943
140.0,4.307964386011008,1.0,BES240226,BES240226_001_2026-02-24_14h06.32.478.csv,4307.964386011008
140.0,2.9632345490099397,1.0,BES240226,BES240226_001_2026-02-24_14h06.32.478.csv,2963.2345490099397
140.0,3.3212257669947576,1.0,BES240226,BES240226_001_2026-02-24_14h06.32.478.csv,3321.2257669947576
140.0,3.612505805998808,1.0,BES240226,BES240226_001_2026-02-24_14h06.32.478.csv,3612.5058059988082
140.0,2.019156093010679,1.0,BES240226,BES240226_001_2026-02-24_14h06.32.478.csv,2019.156093010679
140.0,3.509496478975052,1.0,BES240226,BES240226_001_2026-02-24_14h06.32.478.csv,3509.496478975052
140.0,2.876721237000311,1.0,BES240226,BES240226_001_2026-02-24_14h06.32.478.csv,2876.721237000311
140.0,4.799489169003209,1.0,BES240226,BES240226_001_2026-02-24_14h06.32.478.csv,4799.489169003209
140.0,9.134923842997525,1.0,BES240226,BES240226_001_2026-02-24_14h06.32.478.csv,9134.923842997525
140.0,2.7987538920133375,1.0,BES240226,BES240226_001_2026-02-24_14h06.32.478.csv,2798.7538920133375
140.0,1.5392642969964072,1.0,BES240226,BES240226_001_2026-02-24_14h06.32.478.csv,1539.2642969964072
160.0,3.817711365991272,1.0,BES240226,BES240226_001_2026-02-24_14h06.32.478.csv,3817.711365991272
160.0,3.8456099040049594,1.0,BES240226,BES240226_001_2026-02-24_14h06.32.478.csv,3845.6099040049594
160.0,6.8213306319958065,1.0,BES240226,BES240226_001_2026-02-24_14h06.32.478.csv,6821.3306319958065
160.0,3.2708497080020607,1.0,BES240226,BES240226_001_2026-02-24_14h06.32.478.csv,3270.8497080020607
160.0,1.6696083789865952,1.0,BES240226,BES240226_001_2026-02-24_14h06.32.478.csv,1669.6083789865952
160.0,1.842158341023605,1.0,BES240226,BES240226_001_2026-02-24_14h06.32.478.csv,1842.158341023605
160.0,7.743636366009014,1.0,BES240226,BES240226_001_2026-02-24_14h06.32.478.csv,7743.636366009014
160.0,2.0858336839883123,1.0,BES240226,BES240226_001_2026-02-24_14h06.32.478.csv,2085.8336839883123
160.0,6.714846058981493,1.0,BES240226,BES240226_001_2026-02-24_14h06.32.478.csv,6714.846058981493
160.0,2.5183271250280086,1.0,BES240226,BES240226_001_2026-02-24_14h06.32.478.csv,2518.3271250280086
0.0,1.099384617060423,1.0,DD,DD_Test 1_2025-12-09_14h14.24.384.csv,1099.384617060423
0.0,1.242949608946219,1.0,DD,DD_Test 1_2025-12-09_14h14.24.384.csv,1242.949608946219
0.0,2.9449245929718018,1.0,DD,DD_Test 1_2025-12-09_14h14.24.384.csv,2944.9245929718018
0.0,1.2748591208364817,1.0,DD,DD_Test 1_2025-12-09_14h14.24.384.csv,1274.8591208364817
0.0,2.319331160048023,1.0,DD,DD_Test 1_2025-12-09_14h14.24.384.csv,2319.331160048023
0.0,1.277339712018147,1.0,DD,DD_Test 1_2025-12-09_14h14.24.384.csv,1277.339712018147
20.0,1.5276397799607366,1.0,DD,DD_Test 1_2025-12-09_14h14.24.384.csv,1527.6397799607366
20.0,1.9591386059764773,1.0,DD,DD_Test 1_2025-12-09_14h14.24.384.csv,1959.1386059764773
20.0,1.3568974749650806,1.0,DD,DD_Test 1_2025-12-09_14h14.24.384.csv,1356.8974749650806
20.0,2.5695557661820203,1.0,DD,DD_Test 1_2025-12-09_14h14.24.384.csv,2569.5557661820203
20.0,3.1573960911482573,1.0,DD,DD_Test 1_2025-12-09_14h14.24.384.csv,3157.3960911482573
20.0,2.6263127070851624,1.0,DD,DD_Test 1_2025-12-09_14h14.24.384.csv,2626.3127070851624
20.0,1.8629211268853396,1.0,DD,DD_Test 1_2025-12-09_14h14.24.384.csv,1862.9211268853396
40.0,3.1229210819583386,1.0,DD,DD_Test 1_2025-12-09_14h14.24.384.csv,3122.9210819583386
40.0,1.923410004004836,1.0,DD,DD_Test 1_2025-12-09_14h14.24.384.csv,1923.410004004836
40.0,1.7967413051519543,1.0,DD,DD_Test 1_2025-12-09_14h14.24.384.csv,1796.7413051519543
40.0,2.033426485955715,1.0,DD,DD_Test 1_2025-12-09_14h14.24.384.csv,2033.4264859557152
40.0,2.375417553121224,1.0,DD,DD_Test 1_2025-12-09_14h14.24.384.csv,2375.417553121224
40.0,1.9572704159654677,1.0,DD,DD_Test 1_2025-12-09_14h14.24.384.csv,1957.2704159654677
40.0,3.5310390111990273,1.0,DD,DD_Test 1_2025-12-09_14h14.24.384.csv,3531.0390111990273
40.0,1.2377120379824191,1.0,DD,DD_Test 1_2025-12-09_14h14.24.384.csv,1237.7120379824191
60.0,2.5134136078413576,1.0,DD,DD_Test 1_2025-12-09_14h14.24.384.csv,2513.4136078413576
60.0,2.493773117894307,1.0,DD,DD_Test 1_2025-12-09_14h14.24.384.csv,2493.773117894307
60.0,2.8286203427705914,1.0,DD,DD_Test 1_2025-12-09_14h14.24.384.csv,2828.6203427705914
60.0,2.8155887310858816,1.0,DD,DD_Test 1_2025-12-09_14h14.24.384.csv,2815.5887310858816
60.0,4.8337198758963495,1.0,DD,DD_Test 1_2025-12-09_14h14.24.384.csv,4833.71987589635
60.0,3.5357571169734,1.0,DD,DD_Test 1_2025-12-09_14h14.24.384.csv,3535.7571169734
60.0,2.678940196055919,1.0,DD,DD_Test 1_2025-12-09_14h14.24.384.csv,2678.940196055919
60.0,1.760408358182758,1.0,DD,DD_Test 1_2025-12-09_14h14.24.384.csv,1760.408358182758
80.0,1.7479729999322444,1.0,DD,DD_Test 1_2025-12-09_14h14.24.384.csv,1747.9729999322444
80.0,2.0357264389749616,1.0,DD,DD_Test 1_2025-12-09_14h14.24.384.csv,2035.7264389749616
80.0,2.6079727429896593,1.0,DD,DD_Test 1_2025-12-09_14h14.24.384.csv,2607.9727429896593
80.0,4.597696705022827,1.0,DD,DD_Test 1_2025-12-09_14h14.24.384.csv,4597.696705022827
80.0,5.646262944908813,1.0,DD,DD_Test 1_2025-12-09_14h14.24.384.csv,5646.262944908813
100.0,1.9991626811679453,1.0,DD,DD_Test 1_2025-12-09_14h14.24.384.csv,1999.1626811679453
100.0,1.435254538897425,1.0,DD,DD_Test 1_2025-12-09_14h14.24.384.csv,1435.254538897425
100.0,1.788395404117182,1.0,DD,DD_Test 1_2025-12-09_14h14.24.384.csv,1788.395404117182
100.0,2.2196559789590538,1.0,DD,DD_Test 1_2025-12-09_14h14.24.384.csv,2219.6559789590538
100.0,2.745687800925225,1.0,DD,DD_Test 1_2025-12-09_14h14.24.384.csv,2745.687800925225
100.0,3.604894343996421,1.0,DD,DD_Test 1_2025-12-09_14h14.24.384.csv,3604.894343996421
100.0,2.612269915873185,1.0,DD,DD_Test 1_2025-12-09_14h14.24.384.csv,2612.269915873185
120.0,4.899153340840712,1.0,DD,DD_Test 1_2025-12-09_14h14.24.384.csv,4899.153340840712
120.0,3.4434631299227476,1.0,DD,DD_Test 1_2025-12-09_14h14.24.384.csv,3443.4631299227476
120.0,2.1384549061767757,1.0,DD,DD_Test 1_2025-12-09_14h14.24.384.csv,2138.4549061767757
120.0,2.2136416248977184,1.0,DD,DD_Test 1_2025-12-09_14h14.24.384.csv,2213.6416248977184
120.0,3.360241001006216,1.0,DD,DD_Test 1_2025-12-09_14h14.24.384.csv,3360.241001006216
120.0,12.374156439909711,1.0,DD,DD_Test 1_2025-12-09_14h14.24.384.csv,12374.156439909711
120.0,2.8321367849130183,1.0,DD,DD_Test 1_2025-12-09_14h14.24.384.csv,2832.1367849130183
140.0,4.022245238069445,1.0,DD,DD_Test 1_2025-12-09_14h14.24.384.csv,4022.245238069445
140.0,3.2552723011467606,1.0,DD,DD_Test 1_2025-12-09_14h14.24.384.csv,3255.2723011467606
140.0,2.14449794893153,1.0,DD,DD_Test 1_2025-12-09_14h14.24.384.csv,2144.49794893153
140.0,4.348847131012008,1.0,DD,DD_Test 1_2025-12-09_14h14.24.384.csv,4348.847131012008
140.0,4.763834215933457,1.0,DD,DD_Test 1_2025-12-09_14h14.24.384.csv,4763.834215933457
140.0,2.591562084155157,1.0,DD,DD_Test 1_2025-12-09_14h14.24.384.csv,2591.562084155157
160.0,2.3530141550581902,1.0,DD,DD_Test 1_2025-12-09_14h14.24.384.csv,2353.01415505819
160.0,2.758777229115367,1.0,DD,DD_Test 1_2025-12-09_14h14.24.384.csv,2758.777229115367
160.0,4.249185776105151,1.0,DD,DD_Test 1_2025-12-09_14h14.24.384.csv,4249.185776105151
160.0,3.529261896153912,1.0,DD,DD_Test 1_2025-12-09_14h14.24.384.csv,3529.261896153912
0.0,5.52533324691467,1.0,FC081225,FC081225_2025-12-08_16h29.19.075.csv,5525.33324691467
0.0,1.9692999620456249,1.0,FC081225,FC081225_2025-12-08_16h29.19.075.csv,1969.2999620456249
0.0,1.0267886521760374,1.0,FC081225,FC081225_2025-12-08_16h29.19.075.csv,1026.7886521760374
20.0,3.276251520961523,1.0,FC081225,FC081225_2025-12-08_16h29.19.075.csv,3276.251520961523
20.0,1.4648200969677418,1.0,FC081225,FC081225_2025-12-08_16h29.19.075.csv,1464.8200969677418
40.0,1.3398410230875015,1.0,FC081225,FC081225_2025-12-08_16h29.19.075.csv,1339.8410230875015
40.0,1.750343258026987,1.0,FC081225,FC081225_2025-12-08_16h29.19.075.csv,1750.343258026987
40.0,2.213281965116039,1.0,FC081225,FC081225_2025-12-08_16h29.19.075.csv,2213.281965116039
40.0,3.1386985168792307,1.0,FC081225,FC081225_2025-12-08_16h29.19.075.csv,3138.6985168792307
40.0,2.512731116032228,1.0,FC081225,FC081225_2025-12-08_16h29.19.075.csv,2512.731116032228
60.0,2.395217098062858,1.0,FC081225,FC081225_2025-12-08_16h29.19.075.csv,2395.217098062858
60.0,5.216338353930041,1.0,FC081225,FC081225_2025-12-08_16h29.19.075.csv,5216.338353930041
60.0,4.354531004792079,1.0,FC081225,FC081225_2025-12-08_16h29.19.075.csv,4354.531004792079
60.0,2.2746255630627275,1.0,FC081225,FC081225_2025-12-08_16h29.19.075.csv,2274.6255630627275
60.0,2.862291435012594,1.0,FC081225,FC081225_2025-12-08_16h29.19.075.csv,2862.291435012594
60.0,3.685993887949735,1.0,FC081225,FC081225_2025-12-08_16h29.19.075.csv,3685.993887949735
80.0,2.6749855901580304,1.0,FC081225,FC081225_2025-12-08_16h29.19.075.csv,2674.9855901580304
80.0,1.8117506778798995,1.0,FC081225,FC081225_2025-12-08_16h29.19.075.csv,1811.7506778798995
80.0,3.0496560060419142,1.0,FC081225,FC081225_2025-12-08_16h29.19.075.csv,3049.656006041914
80.0,3.2879800728987902,1.0,FC081225,FC081225_2025-12-08_16h29.19.075.csv,3287.9800728987902
80.0,1.7677808511070907,1.0,FC081225,FC081225_2025-12-08_16h29.19.075.csv,1767.7808511070907
80.0,1.9008393320254984,1.0,FC081225,FC081225_2025-12-08_16h29.19.075.csv,1900.8393320254984
80.0,3.402711814036593,1.0,FC081225,FC081225_2025-12-08_16h29.19.075.csv,3402.711814036593
100.0,1.1864436049945652,1.0,FC081225,FC081225_2025-12-08_16h29.19.075.csv,1186.4436049945652
100.0,3.0100063760764897,1.0,FC081225,FC081225_2025-12-08_16h29.19.075.csv,3010.0063760764897
100.0,3.164985331008211,1.0,FC081225,FC081225_2025-12-08_16h29.19.075.csv,3164.985331008211
100.0,2.063058083876967,1.0,FC081225,FC081225_2025-12-08_16h29.19.075.csv,2063.058083876967
100.0,3.774063984164968,1.0,FC081225,FC081225_2025-12-08_16h29.19.075.csv,3774.063984164968
120.0,3.637345999013633,1.0,FC081225,FC081225_2025-12-08_16h29.19.075.csv,3637.345999013633
120.0,2.987590318080038,1.0,FC081225,FC081225_2025-12-08_16h29.19.075.csv,2987.590318080038
120.0,1.7558885698672384,1.0,FC081225,FC081225_2025-12-08_16h29.19.075.csv,1755.8885698672384
120.0,2.689370508072898,1.0,FC081225,FC081225_2025-12-08_16h29.19.075.csv,2689.370508072898
120.0,2.173288512043655,1.0,FC081225,FC081225_2025-12-08_16h29.19.075.csv,2173.288512043655
120.0,2.7967195857781917,1.0,FC081225,FC081225_2025-12-08_16h29.19.075.csv,2796.7195857781917
140.0,2.0077256911899894,1.0,FC081225,FC081225_2025-12-08_16h29.19.075.csv,2007.7256911899894
140.0,1.2874917788431048,1.0,FC081225,FC081225_2025-12-08_16h29.19.075.csv,1287.4917788431048
140.0,3.074142892844975,1.0,FC081225,FC081225_2025-12-08_16h29.19.075.csv,3074.142892844975
140.0,3.7437209270428866,1.0,FC081225,FC081225_2025-12-08_16h29.19.075.csv,3743.7209270428866
140.0,3.1814940969925374,1.0,FC081225,FC081225_2025-12-08_16h29.19.075.csv,3181.4940969925374
140.0,2.7949137871619314,1.0,FC081225,FC081225_2025-12-08_16h29.19.075.csv,2794.9137871619314
140.0,2.6889250189997256,1.0,FC081225,FC081225_2025-12-08_16h29.19.075.csv,2688.9250189997256
140.0,1.9378067939542232,1.0,FC081225,FC081225_2025-12-08_16h29.19.075.csv,1937.8067939542232
160.0,3.1520698100794107,1.0,FC081225,FC081225_2025-12-08_16h29.19.075.csv,3152.0698100794107
160.0,2.1577400439418852,1.0,FC081225,FC081225_2025-12-08_16h29.19.075.csv,2157.7400439418852
160.0,3.6300607658922672,1.0,FC081225,FC081225_2025-12-08_16h29.19.075.csv,3630.060765892267
160.0,4.312775957165286,1.0,FC081225,FC081225_2025-12-08_16h29.19.075.csv,4312.775957165286
160.0,3.36321187694557,1.0,FC081225,FC081225_2025-12-08_16h29.19.075.csv,3363.21187694557
0.0,1.0963979649968678,1.0,IC190226,IC190226_Test 1 @60_2026-02-19_14h43.01.649.csv,1096.3979649968678
0.0,1.4492076150054345,1.0,IC190226,IC190226_Test 1 @60_2026-02-19_14h43.01.649.csv,1449.2076150054345
0.0,1.5779138299985789,1.0,IC190226,IC190226_Test 1 @60_2026-02-19_14h43.01.649.csv,1577.9138299985789
0.0,4.505212811011006,1.0,IC190226,IC190226_Test 1 @60_2026-02-19_14h43.01.649.csv,4505.212811011006
0.0,1.5116359859966906,1.0,IC190226,IC190226_Test 1 @60_2026-02-19_14h43.01.649.csv,1511.6359859966906
0.0,1.467833791000885,1.0,IC190226,IC190226_Test 1 @60_2026-02-19_14h43.01.649.csv,1467.833791000885
0.0,2.2240358349954477,1.0,IC190226,IC190226_Test 1 @60_2026-02-19_14h43.01.649.csv,2224.0358349954477
0.0,2.0079255739983637,1.0,IC190226,IC190226_Test 1 @60_2026-02-19_14h43.01.649.csv,2007.9255739983637
0.0,2.674072438006988,1.0,IC190226,IC190226_Test 1 @60_2026-02-19_14h43.01.649.csv,2674.072438006988
0.0,5.685577739990549,1.0,IC190226,IC190226_Test 1 @60_2026-02-19_14h43.01.649.csv,5685.577739990549
0.0,6.454538181991666,1.0,IC190226,IC190226_Test 1 @60_2026-02-19_14h43.01.649.csv,6454.538181991666
0.0,2.0536140840122243,1.0,IC190226,IC190226_Test 1 @60_2026-02-19_14h43.01.649.csv,2053.6140840122243
0.0,3.497115796999424,1.0,IC190226,IC190226_Test 1 @60_2026-02-19_14h43.01.649.csv,3497.115796999424
0.0,0.9184264799987432,1.0,IC190226,IC190226_Test 1 @60_2026-02-19_14h43.01.649.csv,918.4264799987432
20.0,4.203145184001187,1.0,IC190226,IC190226_Test 1 @60_2026-02-19_14h43.01.649.csv,4203.145184001187
20.0,5.580135682001128,1.0,IC190226,IC190226_Test 1 @60_2026-02-19_14h43.01.649.csv,5580.135682001128
20.0,1.30015495599946,1.0,IC190226,IC190226_Test 1 @60_2026-02-19_14h43.01.649.csv,1300.15495599946
20.0,2.2572501959948568,1.0,IC190226,IC190226_Test 1 @60_2026-02-19_14h43.01.649.csv,2257.2501959948568
20.0,1.262087196999346,1.0,IC190226,IC190226_Test 1 @60_2026-02-19_14h43.01.649.csv,1262.087196999346
20.0,2.1849362490029307,1.0,IC190226,IC190226_Test 1 @60_2026-02-19_14h43.01.649.csv,2184.9362490029307
20.0,1.7042034159967443,1.0,IC190226,IC190226_Test 1 @60_2026-02-19_14h43.01.649.csv,1704.2034159967443
20.0,2.41713566800172,1.0,IC190226,IC190226_Test 1 @60_2026-02-19_14h43.01.649.csv,2417.13566800172
20.0,9.212082423997344,1.0,IC190226,IC190226_Test 1 @60_2026-02-19_14h43.01.649.csv,9212.082423997344
20.0,2.6115079099981813,1.0,IC190226,IC190226_Test 1 @60_2026-02-19_14h43.01.649.csv,2611.5079099981813
20.0,3.1800741010083584,1.0,IC190226,IC190226_Test 1 @60_2026-02-19_14h43.01.649.csv,3180.0741010083584
20.0,4.119667045000824,1.0,IC190226,IC190226_Test 1 @60_2026-02-19_14h43.01.649.csv,4119.667045000824
20.0,4.276118824011064,1.0,IC190226,IC190226_Test 1 @60_2026-02-19_14h43.01.649.csv,4276.118824011064
20.0,3.426633415001561,1.0,IC190226,IC190226_Test 1 @60_2026-02-19_14h43.01.649.csv,3426.633415001561
20.0,3.4159955130016897,1.0,IC190226,IC190226_Test 1 @60_2026-02-19_14h43.01.649.csv,3415.9955130016897
40.0,5.301652641006513,1.0,IC190226,IC190226_Test 1 @60_2026-02-19_14h43.01.649.csv,5301.652641006513
40.0,3.983905318993493,1.0,IC190226,IC190226_Test 1 @60_2026-02-19_14h43.01.649.csv,3983.905318993493
40.0,2.3761990120110568,1.0,IC190226,IC190226_Test 1 @60_2026-02-19_14h43.01.649.csv,2376.1990120110568
40.0,2.3706274290016154,1.0,IC190226,IC190226_Test 1 @60_2026-02-19_14h43.01.649.csv,2370.6274290016154
40.0,3.0114535600005183,1.0,IC190226,IC190226_Test 1 @60_2026-02-19_14h43.01.649.csv,3011.4535600005183
40.0,2.5483579770079814,1.0,IC190226,IC190226_Test 1 @60_2026-02-19_14h43.01.649.csv,2548.3579770079814
40.0,6.834934357000748,1.0,IC190226,IC190226_Test 1 @60_2026-02-19_14h43.01.649.csv,6834.934357000748
40.0,10.394087161999778,1.0,IC190226,IC190226_Test 1 @60_2026-02-19_14h43.01.649.csv,10394.087161999778
40.0,4.141522406003787,1.0,IC190226,IC190226_Test 1 @60_2026-02-19_14h43.01.649.csv,4141.522406003787
40.0,2.959091665004962,1.0,IC190226,IC190226_Test 1 @60_2026-02-19_14h43.01.649.csv,2959.091665004962
40.0,1.8110812109953256,1.0,IC190226,IC190226_Test 1 @60_2026-02-19_14h43.01.649.csv,1811.0812109953256
40.0,28.49094373101252,1.0,IC190226,IC190226_Test 1 @60_2026-02-19_14h43.01.649.csv,28490.94373101252
40.0,1.9545818930055248,1.0,IC190226,IC190226_Test 1 @60_2026-02-19_14h43.01.649.csv,1954.5818930055248
60.0,13.52315553301014,1.0,IC190226,IC190226_Test 1 @60_2026-02-19_14h43.01.649.csv,13523.15553301014
60.0,4.056831436988432,1.0,IC190226,IC190226_Test 1 @60_2026-02-19_14h43.01.649.csv,4056.831436988432
60.0,3.7562500490021193,1.0,IC190226,IC190226_Test 1 @60_2026-02-19_14h43.01.649.csv,3756.2500490021193
60.0,4.3577481909887865,1.0,IC190226,IC190226_Test 1 @60_2026-02-19_14h43.01.649.csv,4357.7481909887865
60.0,5.396700233002775,1.0,IC190226,IC190226_Test 1 @60_2026-02-19_14h43.01.649.csv,5396.700233002775
60.0,6.895384487012052,1.0,IC190226,IC190226_Test 1 @60_2026-02-19_14h43.01.649.csv,6895.384487012052
60.0,3.055940473001101,1.0,IC190226,IC190226_Test 1 @60_2026-02-19_14h43.01.649.csv,3055.940473001101
60.0,2.7879403559927596,1.0,IC190226,IC190226_Test 1 @60_2026-02-19_14h43.01.649.csv,2787.9403559927596
60.0,3.662591879008687,1.0,IC190226,IC190226_Test 1 @60_2026-02-19_14h43.01.649.csv,3662.591879008687
60.0,4.885091354008182,1.0,IC190226,IC190226_Test 1 @60_2026-02-19_14h43.01.649.csv,4885.091354008182
60.0,1.599108772003092,1.0,IC190226,IC190226_Test 1 @60_2026-02-19_14h43.01.649.csv,1599.108772003092
60.0,5.3466222470015055,1.0,IC190226,IC190226_Test 1 @60_2026-02-19_14h43.01.649.csv,5346.6222470015055
80.0,3.129770263010869,1.0,IC190226,IC190226_Test 1 @60_2026-02-19_14h43.01.649.csv,3129.770263010869
80.0,2.8333685919933487,1.0,IC190226,IC190226_Test 1 @60_2026-02-19_14h43.01.649.csv,2833.3685919933487
80.0,3.855642220005393,1.0,IC190226,IC190226_Test 1 @60_2026-02-19_14h43.01.649.csv,3855.642220005393
80.0,9.006359733000863,1.0,IC190226,IC190226_Test 1 @60_2026-02-19_14h43.01.649.csv,9006.359733000863
80.0,2.7870502029982163,1.0,IC190226,IC190226_Test 1 @60_2026-02-19_14h43.01.649.csv,2787.0502029982163
80.0,3.99647984499461,1.0,IC190226,IC190226_Test 1 @60_2026-02-19_14h43.01.649.csv,3996.47984499461
80.0,3.2482950490084477,1.0,IC190226,IC190226_Test 1 @60_2026-02-19_14h43.01.649.csv,3248.2950490084477
80.0,3.1456988340069074,1.0,IC190226,IC190226_Test 1 @60_2026-02-19_14h43.01.649.csv,3145.6988340069074
80.0,4.941339871002128,1.0,IC190226,IC190226_Test 1 @60_2026-02-19_14h43.01.649.csv,4941.339871002128
80.0,4.7396909939998295,1.0,IC190226,IC190226_Test 1 @60_2026-02-19_14h43.01.649.csv,4739.6909939998295
100.0,3.932206079000025,1.0,IC190226,IC190226_Test 1 @60_2026-02-19_14h43.01.649.csv,3932.206079000025
100.0,4.133058442006586,1.0,IC190226,IC190226_Test 1 @60_2026-02-19_14h43.01.649.csv,4133.058442006586
100.0,5.724717345001409,1.0,IC190226,IC190226_Test 1 @60_2026-02-19_14h43.01.649.csv,5724.717345001409
100.0,4.420622518999153,1.0,IC190226,IC190226_Test 1 @60_2026-02-19_14h43.01.649.csv,4420.622518999153
100.0,2.8038157439877978,1.0,IC190226,IC190226_Test 1 @60_2026-02-19_14h43.01.649.csv,2803.8157439877978
100.0,6.243524719990091,1.0,IC190226,IC190226_Test 1 @60_2026-02-19_14h43.01.649.csv,6243.524719990091
100.0,2.456868865992874,1.0,IC190226,IC190226_Test 1 @60_2026-02-19_14h43.01.649.csv,2456.868865992874
100.0,2.938839549009572,1.0,IC190226,IC190226_Test 1 @60_2026-02-19_14h43.01.649.csv,2938.839549009572
100.0,5.099617903993931,1.0,IC190226,IC190226_Test 1 @60_2026-02-19_14h43.01.649.csv,5099.617903993931
100.0,4.039121645997511,1.0,IC190226,IC190226_Test 1 @60_2026-02-19_14h43.01.649.csv,4039.121645997511
100.0,8.342773319993285,1.0,IC190226,IC190226_Test 1 @60_2026-02-19_14h43.01.649.csv,8342.773319993285
120.0,6.627406361993053,1.0,IC190226,IC190226_Test 1 @60_2026-02-19_14h43.01.649.csv,6627.406361993053
120.0,6.4266615379892755,1.0,IC190226,IC190226_Test 1 @60_2026-02-19_14h43.01.649.csv,6426.6615379892755
120.0,2.2397670159989502,1.0,IC190226,IC190226_Test 1 @60_2026-02-19_14h43.01.649.csv,2239.7670159989502
120.0,6.797732459992403,1.0,IC190226,IC190226_Test 1 @60_2026-02-19_14h43.01.649.csv,6797.732459992403
120.0,2.62387445398781,1.0,IC190226,IC190226_Test 1 @60_2026-02-19_14h43.01.649.csv,2623.87445398781
120.0,4.5664569579967065,1.0,IC190226,IC190226_Test 1 @60_2026-02-19_14h43.01.649.csv,4566.4569579967065
120.0,3.283996031997958,1.0,IC190226,IC190226_Test 1 @60_2026-02-19_14h43.01.649.csv,3283.996031997958
120.0,3.540047714996035,1.0,IC190226,IC190226_Test 1 @60_2026-02-19_14h43.01.649.csv,3540.047714996035
120.0,7.501858158997493,1.0,IC190226,IC190226_Test 1 @60_2026-02-19_14h43.01.649.csv,7501.858158997493
120.0,4.63493669500167,1.0,IC190226,IC190226_Test 1 @60_2026-02-19_14h43.01.649.csv,4634.93669500167
140.0,4.5165650229901075,1.0,IC190226,IC190226_Test 1 @60_2026-02-19_14h43.01.649.csv,4516.5650229901075
140.0,6.946148818009533,1.0,IC190226,IC190226_Test 1 @60_2026-02-19_14h43.01.649.csv,6946.148818009533
140.0,11.603606222997769,1.0,IC190226,IC190226_Test 1 @60_2026-02-19_14h43.01.649.csv,11603.606222997769
140.0,7.232746256006067,1.0,IC190226,IC190226_Test 1 @60_2026-02-19_14h43.01.649.csv,7232.746256006067
140.0,7.395283268997446,1.0,IC190226,IC190226_Test 1 @60_2026-02-19_14h43.01.649.csv,7395.283268997446
140.0,10.192751217007752,1.0,IC190226,IC190226_Test 1 @60_2026-02-19_14h43.01.649.csv,10192.751217007752
140.0,4.5942695470002946,1.0,IC190226,IC190226_Test 1 @60_2026-02-19_14h43.01.649.csv,4594.269547000295
140.0,5.202212386997417,1.0,IC190226,IC190226_Test 1 @60_2026-02-19_14h43.01.649.csv,5202.212386997417
140.0,6.327995833009481,1.0,IC190226,IC190226_Test 1 @60_2026-02-19_14h43.01.649.csv,6327.995833009481
140.0,3.0669086440029787,1.0,IC190226,IC190226_Test 1 @60_2026-02-19_14h43.01.649.csv,3066.9086440029787
140.0,10.609321541007375,1.0,IC190226,IC190226_Test 1 @60_2026-02-19_14h43.01.649.csv,10609.321541007375
160.0,4.633993530005682,1.0,IC190226,IC190226_Test 1 @60_2026-02-19_14h43.01.649.csv,4633.993530005682
160.0,4.347471800996573,1.0,IC190226,IC190226_Test 1 @60_2026-02-19_14h43.01.649.csv,4347.471800996573
160.0,9.805655175005086,1.0,IC190226,IC190226_Test 1 @60_2026-02-19_14h43.01.649.csv,9805.655175005086
160.0,7.526170623998041,1.0,IC190226,IC190226_Test 1 @60_2026-02-19_14h43.01.649.csv,7526.170623998041
160.0,8.726018706001923,1.0,IC190226,IC190226_Test 1 @60_2026-02-19_14h43.01.649.csv,8726.018706001923
0.0,1.8607737519778311,1.0,JM281125,JM281125_2025-11-28_13h40.59.983.csv,1860.7737519778311
0.0,3.3424195188563317,1.0,JM281125,JM281125_2025-11-28_13h40.59.983.csv,3342.4195188563317
0.0,2.6251784418709576,1.0,JM281125,JM281125_2025-11-28_13h40.59.983.csv,2625.1784418709576
0.0,12.676906583830714,1.0,JM281125,JM281125_2025-11-28_13h40.59.983.csv,12676.906583830714
0.0,2.599429986206814,1.0,JM281125,JM281125_2025-11-28_13h40.59.983.csv,2599.429986206814
0.0,5.3863150861579925,1.0,JM281125,JM281125_2025-11-28_13h40.59.983.csv,5386.3150861579925
0.0,1.7505814009346068,1.0,JM281125,JM281125_2025-11-28_13h40.59.983.csv,1750.5814009346068
0.0,1.4852824921254069,1.0,JM281125,JM281125_2025-11-28_13h40.59.983.csv,1485.2824921254069
20.0,2.075894083129242,1.0,JM281125,JM281125_2025-11-28_13h40.59.983.csv,2075.894083129242
20.0,2.493843027856201,1.0,JM281125,JM281125_2025-11-28_13h40.59.983.csv,2493.843027856201
20.0,2.846108133904636,1.0,JM281125,JM281125_2025-11-28_13h40.59.983.csv,2846.108133904636
20.0,4.526449796045199,1.0,JM281125,JM281125_2025-11-28_13h40.59.983.csv,4526.449796045199
20.0,1.9549153877887877,1.0,JM281125,JM281125_2025-11-28_13h40.59.983.csv,1954.9153877887877
20.0,2.9900572490878403,1.0,JM281125,JM281125_2025-11-28_13h40.59.983.csv,2990.0572490878403
20.0,4.6216113769914955,1.0,JM281125,JM281125_2025-11-28_13h40.59.983.csv,4621.6113769914955
20.0,2.0763850279618055,1.0,JM281125,JM281125_2025-11-28_13h40.59.983.csv,2076.3850279618055
40.0,3.646653801202774,1.0,JM281125,JM281125_2025-11-28_13h40.59.983.csv,3646.653801202774
40.0,1.7643396051134914,1.0,JM281125,JM281125_2025-11-28_13h40.59.983.csv,1764.3396051134914
40.0,3.79780680895783,1.0,JM281125,JM281125_2025-11-28_13h40.59.983.csv,3797.80680895783
40.0,3.274971544975415,1.0,JM281125,JM281125_2025-11-28_13h40.59.983.csv,3274.971544975415
40.0,3.406441238010302,1.0,JM281125,JM281125_2025-11-28_13h40.59.983.csv,3406.441238010302
40.0,3.146044306922704,1.0,JM281125,JM281125_2025-11-28_13h40.59.983.csv,3146.044306922704
40.0,4.1446369048208,1.0,JM281125,JM281125_2025-11-28_13h40.59.983.csv,4144.6369048208
40.0,1.9558896031230688,1.0,JM281125,JM281125_2025-11-28_13h40.59.983.csv,1955.8896031230688
60.0,2.310308953979984,1.0,JM281125,JM281125_2025-11-28_13h40.59.983.csv,2310.308953979984
60.0,4.270318156806752,1.0,JM281125,JM281125_2025-11-28_13h40.59.983.csv,4270.318156806752
60.0,3.0111143309623003,1.0,JM281125,JM281125_2025-11-28_13h40.59.983.csv,3011.1143309623003
60.0,2.5738968439400196,1.0,JM281125,JM281125_2025-11-28_13h40.59.983.csv,2573.8968439400196
60.0,3.841493756044656,1.0,JM281125,JM281125_2025-11-28_13h40.59.983.csv,3841.493756044656
60.0,2.0983109881635755,1.0,JM281125,JM281125_2025-11-28_13h40.59.983.csv,2098.3109881635755
60.0,5.551939732162282,1.0,JM281125,JM281125_2025-11-28_13h40.59.983.csv,5551.939732162282
80.0,2.708224402042106,1.0,JM281125,JM281125_2025-11-28_13h40.59.983.csv,2708.224402042106
80.0,2.488850387977436,1.0,JM281125,JM281125_2025-11-28_13h40.59.983.csv,2488.850387977436
80.0,3.6582440559286624,1.0,JM281125,JM281125_2025-11-28_13h40.59.983.csv,3658.2440559286624
80.0,2.8653382828924805,1.0,JM281125,JM281125_2025-11-28_13h40.59.983.csv,2865.3382828924805
80.0,5.058608676074073,1.0,JM281125,JM281125_2025-11-28_13h40.59.983.csv,5058.608676074073
80.0,3.273199056973681,1.0,JM281125,JM281125_2025-11-28_13h40.59.983.csv,3273.199056973681
80.0,3.5396647800225765,1.0,JM281125,JM281125_2025-11-28_13h40.59.983.csv,3539.6647800225765
80.0,4.275840217014775,1.0,JM281125,JM281125_2025-11-28_13h40.59.983.csv,4275.840217014775
100.0,2.2585194369312376,1.0,JM281125,JM281125_2025-11-28_13h40.59.983.csv,2258.5194369312376
100.0,3.2625973208341748,1.0,JM281125,JM281125_2025-11-28_13h40.59.983.csv,3262.5973208341748
100.0,4.416293199872598,1.0,JM281125,JM281125_2025-11-28_13h40.59.983.csv,4416.293199872598
100.0,2.73316761595197,1.0,JM281125,JM281125_2025-11-28_13h40.59.983.csv,2733.16761595197
100.0,2.742567461915314,1.0,JM281125,JM281125_2025-11-28_13h40.59.983.csv,2742.567461915314
100.0,2.2273398970719427,1.0,JM281125,JM281125_2025-11-28_13h40.59.983.csv,2227.3398970719427
100.0,4.841002685949206,1.0,JM281125,JM281125_2025-11-28_13h40.59.983.csv,4841.002685949206
100.0,5.098735748091713,1.0,JM281125,JM281125_2025-11-28_13h40.59.983.csv,5098.735748091713
120.0,1.8885110339615496,1.0,JM281125,JM281125_2025-11-28_13h40.59.983.csv,1888.5110339615496
120.0,2.9218020539265126,1.0,JM281125,JM281125_2025-11-28_13h40.59.983.csv,2921.8020539265126
120.0,3.171364254085347,1.0,JM281125,JM281125_2025-11-28_13h40.59.983.csv,3171.364254085347
120.0,5.796210545115173,1.0,JM281125,JM281125_2025-11-28_13h40.59.983.csv,5796.210545115173
120.0,3.871515348087996,1.0,JM281125,JM281125_2025-11-28_13h40.59.983.csv,3871.515348087996
120.0,3.038024147041142,1.0,JM281125,JM281125_2025-11-28_13h40.59.983.csv,3038.024147041142
120.0,2.590558008989319,1.0,JM281125,JM281125_2025-11-28_13h40.59.983.csv,2590.558008989319
120.0,2.1064906960818917,1.0,JM281125,JM281125_2025-11-28_13h40.59.983.csv,2106.4906960818917
140.0,2.5713434850331396,1.0,JM281125,JM281125_2025-11-28_13h40.59.983.csv,2571.3434850331396
140.0,5.219639539020136,1.0,JM281125,JM281125_2025-11-28_13h40.59.983.csv,5219.639539020136
140.0,7.374802080914378,1.0,JM281125,JM281125_2025-11-28_13h40.59.983.csv,7374.802080914378
140.0,3.61281776917167,1.0,JM281125,JM281125_2025-11-28_13h40.59.983.csv,3612.81776917167
140.0,6.471194162964821,1.0,JM281125,JM281125_2025-11-28_13h40.59.983.csv,6471.194162964821
140.0,8.267490674974397,1.0,JM281125,JM281125_2025-11-28_13h40.59.983.csv,8267.490674974397
140.0,3.5028513639699668,1.0,JM281125,JM281125_2025-11-28_13h40.59.983.csv,3502.8513639699668
160.0,3.4112563501112163,1.0,JM281125,JM281125_2025-11-28_13h40.59.983.csv,3411.2563501112163
160.0,4.576328429859132,1.0,JM281125,JM281125_2025-11-28_13h40.59.983.csv,4576.328429859132
160.0,5.766564309829846,1.0,JM281125,JM281125_2025-11-28_13h40.59.983.csv,5766.564309829846
160.0,4.06568102305755,1.0,JM281125,JM281125_2025-11-28_13h40.59.983.csv,4065.68102305755
160.0,3.386083064135164,1.0,JM281125,JM281125_2025-11-28_13h40.59.983.csv,3386.083064135164
160.0,3.3325572258327156,1.0,JM281125,JM281125_2025-11-28_13h40.59.983.csv,3332.5572258327156
160.0,4.195408619008958,1.0,JM281125,JM281125_2025-11-28_13h40.59.983.csv,4195.408619008958
160.0,26.23927516094409,1.0,JM281125,JM281125_2025-11-28_13h40.59.983.csv,26239.27516094409
0.0,10.316728122998027,1.0,JN081225,JN081225_2025-12-08_16h01.49.591.csv,10316.728122998027
0.0,1.5805299759376794,1.0,JN081225,JN081225_2025-12-08_16h01.49.591.csv,1580.5299759376794
0.0,5.569903136929497,1.0,JN081225,JN081225_2025-12-08_16h01.49.591.csv,5569.903136929497
0.0,1.8552083000540731,1.0,JN081225,JN081225_2025-12-08_16h01.49.591.csv,1855.208300054073
0.0,1.9233698858879509,1.0,JN081225,JN081225_2025-12-08_16h01.49.591.csv,1923.3698858879509
0.0,0.9331699758768082,1.0,JN081225,JN081225_2025-12-08_16h01.49.591.csv,933.1699758768082
0.0,1.4818539468105882,1.0,JN081225,JN081225_2025-12-08_16h01.49.591.csv,1481.8539468105882
0.0,1.537655936088413,1.0,JN081225,JN081225_2025-12-08_16h01.49.591.csv,1537.655936088413
20.0,1.5279293609783051,1.0,JN081225,JN081225_2025-12-08_16h01.49.591.csv,1527.929360978305
20.0,1.4537362579721955,1.0,JN081225,JN081225_2025-12-08_16h01.49.591.csv,1453.7362579721955
20.0,1.5707635451108215,1.0,JN081225,JN081225_2025-12-08_16h01.49.591.csv,1570.7635451108215
20.0,0.9564419698435812,1.0,JN081225,JN081225_2025-12-08_16h01.49.591.csv,956.4419698435812
20.0,1.483488620026037,1.0,JN081225,JN081225_2025-12-08_16h01.49.591.csv,1483.488620026037
20.0,2.4674411190208048,1.0,JN081225,JN081225_2025-12-08_16h01.49.591.csv,2467.4411190208048
20.0,2.8648301949724555,1.0,JN081225,JN081225_2025-12-08_16h01.49.591.csv,2864.8301949724555
20.0,1.8492939420975745,1.0,JN081225,JN081225_2025-12-08_16h01.49.591.csv,1849.2939420975745
40.0,1.1818671659566462,1.0,JN081225,JN081225_2025-12-08_16h01.49.591.csv,1181.8671659566462
40.0,3.310357481939718,1.0,JN081225,JN081225_2025-12-08_16h01.49.591.csv,3310.357481939718
40.0,1.0325745190493762,1.0,JN081225,JN081225_2025-12-08_16h01.49.591.csv,1032.5745190493762
40.0,1.9282399190124124,1.0,JN081225,JN081225_2025-12-08_16h01.49.591.csv,1928.2399190124124
40.0,2.1096293709706515,1.0,JN081225,JN081225_2025-12-08_16h01.49.591.csv,2109.6293709706515
40.0,2.5456498079001904,1.0,JN081225,JN081225_2025-12-08_16h01.49.591.csv,2545.6498079001904
40.0,1.8583767290692776,1.0,JN081225,JN081225_2025-12-08_16h01.49.591.csv,1858.3767290692776
40.0,1.7624409368727356,1.0,JN081225,JN081225_2025-12-08_16h01.49.591.csv,1762.4409368727356
60.0,2.909378367010504,1.0,JN081225,JN081225_2025-12-08_16h01.49.591.csv,2909.378367010504
60.0,1.827059106901288,1.0,JN081225,JN081225_2025-12-08_16h01.49.591.csv,1827.059106901288
60.0,2.5982236471027136,1.0,JN081225,JN081225_2025-12-08_16h01.49.591.csv,2598.2236471027136
60.0,1.950570291141048,1.0,JN081225,JN081225_2025-12-08_16h01.49.591.csv,1950.570291141048
60.0,1.983882901025936,1.0,JN081225,JN081225_2025-12-08_16h01.49.591.csv,1983.882901025936
60.0,2.7121606359723955,1.0,JN081225,JN081225_2025-12-08_16h01.49.591.csv,2712.1606359723955
60.0,2.4451885998714715,1.0,JN081225,JN081225_2025-12-08_16h01.49.591.csv,2445.1885998714715
80.0,1.7326219989918172,1.0,JN081225,JN081225_2025-12-08_16h01.49.591.csv,1732.6219989918172
80.0,2.556698580039665,1.0,JN081225,JN081225_2025-12-08_16h01.49.591.csv,2556.698580039665
80.0,1.388938810909167,1.0,JN081225,JN081225_2025-12-08_16h01.49.591.csv,1388.938810909167
80.0,1.55048981285654,1.0,JN081225,JN081225_2025-12-08_16h01.49.591.csv,1550.48981285654
80.0,2.3850951460190117,1.0,JN081225,JN081225_2025-12-08_16h01.49.591.csv,2385.0951460190117
80.0,3.699690529843792,1.0,JN081225,JN081225_2025-12-08_16h01.49.591.csv,3699.690529843792
100.0,2.377163085155189,1.0,JN081225,JN081225_2025-12-08_16h01.49.591.csv,2377.163085155189
100.0,3.2416929858736694,1.0,JN081225,JN081225_2025-12-08_16h01.49.591.csv,3241.6929858736694
100.0,5.500288713956252,1.0,JN081225,JN081225_2025-12-08_16h01.49.591.csv,5500.288713956252
100.0,3.432862203801051,1.0,JN081225,JN081225_2025-12-08_16h01.49.591.csv,3432.862203801051
100.0,1.4164223279803991,1.0,JN081225,JN081225_2025-12-08_16h01.49.591.csv,1416.4223279803991
100.0,1.851105333073065,1.0,JN081225,JN081225_2025-12-08_16h01.49.591.csv,1851.105333073065
100.0,2.664164178073406,1.0,JN081225,JN081225_2025-12-08_16h01.49.591.csv,2664.164178073406
100.0,2.1487978529185057,1.0,JN081225,JN081225_2025-12-08_16h01.49.591.csv,2148.7978529185057
120.0,3.0872521970886737,1.0,JN081225,JN081225_2025-12-08_16h01.49.591.csv,3087.2521970886737
120.0,1.7629104419611394,1.0,JN081225,JN081225_2025-12-08_16h01.49.591.csv,1762.9104419611394
120.0,2.006083532003686,1.0,JN081225,JN081225_2025-12-08_16h01.49.591.csv,2006.0835320036858
120.0,2.1481546701397747,1.0,JN081225,JN081225_2025-12-08_16h01.49.591.csv,2148.1546701397747
120.0,2.55507153715007,1.0,JN081225,JN081225_2025-12-08_16h01.49.591.csv,2555.07153715007
120.0,2.2664999589323997,1.0,JN081225,JN081225_2025-12-08_16h01.49.591.csv,2266.4999589323997
120.0,3.4120251378044486,1.0,JN081225,JN081225_2025-12-08_16h01.49.591.csv,3412.0251378044486
120.0,2.17183492006734,1.0,JN081225,JN081225_2025-12-08_16h01.49.591.csv,2171.83492006734
140.0,2.973777346080169,1.0,JN081225,JN081225_2025-12-08_16h01.49.591.csv,2973.777346080169
140.0,6.049258603947237,1.0,JN081225,JN081225_2025-12-08_16h01.49.591.csv,6049.258603947237
140.0,2.618544883094728,1.0,JN081225,JN081225_2025-12-08_16h01.49.591.csv,2618.544883094728
140.0,2.0032957100775093,1.0,JN081225,JN081225_2025-12-08_16h01.49.591.csv,2003.2957100775093
140.0,3.0917342039756477,1.0,JN081225,JN081225_2025-12-08_16h01.49.591.csv,3091.7342039756477
140.0,4.73172252997756,1.0,JN081225,JN081225_2025-12-08_16h01.49.591.csv,4731.72252997756
160.0,1.7902848178055135,1.0,JN081225,JN081225_2025-12-08_16h01.49.591.csv,1790.2848178055135
160.0,5.307133114896715,1.0,JN081225,JN081225_2025-12-08_16h01.49.591.csv,5307.133114896715
160.0,3.540231376886368,1.0,JN081225,JN081225_2025-12-08_16h01.49.591.csv,3540.231376886368
160.0,3.368430265923962,1.0,JN081225,JN081225_2025-12-08_16h01.49.591.csv,3368.430265923962
