left_im,right_im,leftori,rightori,same,corrAns,angle,thisN,thisTrialN,thisRepN,key_resp.keys,key_resp.corr,key_resp.rt,key_resp.duration,trials.thisRepN,trials.thisTrialN,trials.thisN,trials.thisIndex,thisRow.t,notes,Intructions_1.started,instr_key_1.started,instr_textbox1.started,Intructions_1.stopped,instr_key_1.keys,instr_key_1.rt,instr_key_1.duration,Intructions_2.started,image_L_3.started,image_R_3.started,dir_cue.started,instr_key_2.started,instrtxt2.started,Intructions_2.stopped,instructions_3.started,image_L_4.started,image_R_4.started,dir_cue_2.started,instr_key.started,instrtxt3.started,instructions_3.stopped,start.started,key_instruct.started,start.stopped,key_instruct.keys,key_instruct.rt,key_instruct.duration,trial.started,image_L.started,image_R.started,DirCue.started,key_resp.started,main_instr.started,trial_count.started,trial.stopped,trials.key_resp.keys,trials.key_resp.corr,trials.key_resp.rt,trials.key_resp.duration,feedback.started,fbtext.started,feedback.stopped,fbtext.stopped,the_end.started,end_txt.started,end_key.started,the_end.stopped,session,participant,date,expName,expVersion,psychopyVersion,frameRate,expStart,
,,,,,,,,,,,,,,,,,,,,0.010865627991734073,0.025515910994727165,0.025515910994727165,62.873575862991856,m,62.71390121101285,None,,,,,,,,,,,,,,,,,,,,,,,,,,,,,,,,,,,,,,,,,001,AL240226,2026-02-24_15h14.11.590,TestMentalRotation,,2025.1.1,120.27510092026796,2026-02-24 15h14.51.780304 +0000,
,,,,,,,,,,,,,,,,,,,,,,,,,,,62.89410398999462,62.92665968000074,62.92665968000074,62.92665968000074,62.92665968000074,62.92665968000074,73.12367712400737,,,,,,,,,,,,,,,,,,,,,,,,,,,,,,,,,,001,AL240226,2026-02-24_15h14.11.590,TestMentalRotation,,2025.1.1,120.27510092026796,2026-02-24 15h14.51.780304 +0000,
,,,,,,,,,,,,,,,,,,,,,,,,,,,,,,,,,,73.1427640139882,73.15963096401538,73.15963096401538,73.15963096401538,73.15963096401538,73.15963096401538,83.87081711000064,,,,,,,,,,,,,,,,,,,,,,,,,,,001,AL240226,2026-02-24_15h14.11.590,TestMentalRotation,,2025.1.1,120.27510092026796,2026-02-24 15h14.51.780304 +0000,
,,,,,,,,,,,,,,,,,,,,,,,,,,,,,,,,,,,,,,,,,83.87084592800238,83.88321234600153,109.4916317689931,space,25.600271201023133,None,,,,,,,,,,,,,,,,,,,,,001,AL240226,2026-02-24_15h14.11.590,TestMentalRotation,,2025.1.1,120.27510092026796,2026-02-24 15h14.51.780304 +0000,
2_z_145_a.jpg,2_z_145_b.jpg,0,100,n,m,100,0,0,0,m,1,6.679978600994218,None,0,0,0,10,109.67539186499198,,,,,,,,,,,,,,,,,,,,,,,,,,,,,109.65326905899565,109.67539186499198,109.67539186499198,109.67539186499198,109.67539186499198,109.67539186499198,109.67539186499198,116.36002009001095,m,1,6.679978600994218,None,116.36311659100465,116.371693418012,116.86057905398775,,,,,,001,AL240226,2026-02-24_15h14.11.590,TestMentalRotation,,2025.1.1,120.27510092026796,2026-02-24 15h14.51.780304 +0000,
5_z_340_b.jpg,5_z_340_a.jpg,0,40,n,m,40,1,1,0,n,0,4.232379788008984,None,0,1,1,4,117.0271360570041,,,,,,,,,,,,,,,,,,,,,,,,,,,,,117.0066403170058,117.0271360570041,117.0271360570041,117.0271360570041,117.0271360570041,117.0271360570041,117.0271360570041,121.2616087050119,n,0,4.232379788008984,None,121.26409759701346,121.27254995101248,121.76120072801132,121.92803418100812,,,,,001,AL240226,2026-02-24_15h14.11.590,TestMentalRotation,,2025.1.1,120.27510092026796,2026-02-24 15h14.51.780304 +0000,
3_z_160_b.jpg,3_z_160_a.jpg,0,120,n,m,120,2,2,0,n,0,8.507434149010805,None,0,2,2,48,121.92803418100812,,,,,,,,,,,,,,,,,,,,,,,,,,,,,121.9079242250009,121.92803418100812,121.92803418100812,121.92803418100812,121.92803418100812,121.92803418100812,121.92803418100812,130.43889000700437,n,0,8.507434149010805,None,130.43917490099557,130.44761079200543,130.93089817100554,131.09736457798863,,,,,001,AL240226,2026-02-24_15h14.11.590,TestMentalRotation,,2025.1.1,120.27510092026796,2026-02-24 15h14.51.780304 +0000,
4_z_310_b.jpg,4_z_310_b.jpg,0,40,y,n,40,3,3,0,n,1,10.5060844339896,None,0,3,3,58,131.09736457798863,,,,,,,,,,,,,,,,,,,,,,,,,,,,,131.07716098899255,131.09736457798863,131.09736457798863,131.09736457798863,131.09736457798863,131.09736457798863,131.09736457798863,141.6086339429894,n,1,10.5060844339896,None,141.6103603419906,141.61868543899618,142.1018192380143,142.26828136699623,,,,,001,AL240226,2026-02-24_15h14.11.590,TestMentalRotation,,2025.1.1,120.27510092026796,2026-02-24 15h14.51.780304 +0000,
3_z_160_b.jpg,3_z_160_b.jpg,0,120,y,n,120,4,4,0,n,1,8.239166382991243,None,0,4,4,31,142.26828136699623,,,,,,,,,,,,,,,,,,,,,,,,,,,,,142.24743663999834,142.26828136699623,142.26828136699623,142.26828136699623,142.26828136699623,142.26828136699623,142.26828136699623,150.51194253200083,n,1,8.239166382991243,None,150.51222814701032,150.52055409998866,151.00371355499374,151.17021516300156,,,,,001,AL240226,2026-02-24_15h14.11.590,TestMentalRotation,,2025.1.1,120.27510092026796,2026-02-24 15h14.51.780304 +0000,
5_z_340_b.jpg,5_z_340_b.jpg,0,100,y,n,100,5,5,0,n,1,7.785223223007051,None,0,5,5,28,151.17021516300156,,,,,,,,,,,,,,,,,,,,,,,,,,,,,151.15016505800304,151.17021516300156,151.17021516300156,151.17021516300156,151.17021516300156,151.17021516300156,151.17021516300156,158.95690881300834,n,1,7.785223223007051,None,158.95719836399076,158.9654609549907,159.4567562410084,159.62327279298916,,,,,001,AL240226,2026-02-24_15h14.11.590,TestMentalRotation,,2025.1.1,120.27510092026796,2026-02-24 15h14.51.780304 +0000,
4_z_310_a.jpg,4_z_310_a.jpg,0,20,y,n,20,6,6,0,m,0,15.092174302000785,None,0,6,6,57,159.62327279298916,,,,,,,,,,,,,,,,,,,,,,,,,,,,,159.60360984998988,159.62327279298916,159.62327279298916,159.62327279298916,159.62327279298916,159.62327279298916,159.62327279298916,174.71965118599473,m,0,15.092174302000785,None,174.7214215809945,174.74521056600497,175.2232196679979,,,,,,001,AL240226,2026-02-24_15h14.11.590,TestMentalRotation,,2025.1.1,120.27510092026796,2026-02-24 15h14.51.780304 +0000,
3_z_160_b.jpg,3_z_160_a.jpg,0,140,n,m,140,7,7,0,m,1,7.248397653980646,None,0,7,7,33,175.3949695379997,,,,,,,,,,,,,,,,,,,,,,,,,,,,,175.37607145000948,175.3949695379997,175.3949695379997,175.3949695379997,175.3949695379997,175.3949695379997,175.3949695379997,182.64810598400072,m,1,7.248397653980646,None,182.64991646099952,182.65833041799488,183.14773922300083,183.31362935798825,,,,,001,AL240226,2026-02-24_15h14.11.590,TestMentalRotation,,2025.1.1,120.27510092026796,2026-02-24 15h14.51.780304 +0000,
1_z_140_a.jpg,1_z_140_b.jpg,0,140,n,m,140,8,8,0,m,1,10.70581832199241,None,0,8,8,68,183.31362935798825,,,,,,,,,,,,,,,,,,,,,,,,,,,,,183.29337076900993,183.31362935798825,183.31362935798825,183.31362935798825,183.31362935798825,183.31362935798825,183.31362935798825,194.02568003800116,m,1,10.70581832199241,None,194.0259680020099,194.03425263200188,194.5176972319896,194.68405158398673,,,,,001,AL240226,2026-02-24_15h14.11.590,TestMentalRotation,,2025.1.1,120.27510092026796,2026-02-24 15h14.51.780304 +0000,
3_z_160_a.jpg,3_z_160_b.jpg,0,40,n,m,40,9,9,0,m,1,15.64741901200614,None,0,9,9,22,194.68405158398673,,,,,,,,,,,,,,,,,,,,,,,,,,,,,194.6637693940138,194.68405158398673,194.68405158398673,194.68405158398673,194.68405158398673,194.68405158398673,194.68405158398673,210.33950773600372,m,1,15.64741901200614,None,210.33979640400503,210.3479895160126,210.83921879099216,211.0061010789941,,,,,001,AL240226,2026-02-24_15h14.11.590,TestMentalRotation,,2025.1.1,120.27510092026796,2026-02-24 15h14.51.780304 +0000,
1_z_140_b.jpg,1_z_140_a.jpg,0,40,n,m,40,10,10,0,m,1,8.797368100989843,None,0,10,10,41,211.0061010789941,,,,,,,,,,,,,,,,,,,,,,,,,,,,,210.9841226139979,211.0061010789941,211.0061010789941,211.0061010789941,211.0061010789941,211.0061010789941,211.0061010789941,219.80918483799906,m,1,8.797368100989843,None,219.80947460301104,219.81771719400422,220.30893970499164,220.47623509800178,,,,,001,AL240226,2026-02-24_15h14.11.590,TestMentalRotation,,2025.1.1,120.27510092026796,2026-02-24 15h14.51.780304 +0000,
4_z_310_b.jpg,4_z_310_b.jpg,0,0,y,n,0,11,11,0,n,1,4.975136752007529,None,0,11,11,18,220.47623509800178,,,,,,,,,,,,,,,,,,,,,,,,,,,,,220.4561500379932,220.47623509800178,220.47623509800178,220.47623509800178,220.47623509800178,220.47623509800178,220.47623509800178,225.4609055420151,n,1,4.975136752007529,None,225.4611956939916,225.46934370699455,225.96052913801395,226.1275430599926,,,,,001,AL240226,2026-02-24_15h14.11.590,TestMentalRotation,,2025.1.1,120.27510092026796,2026-02-24 15h14.51.780304 +0000,
2_z_145_b.jpg,2_z_145_a.jpg,0,120,n,m,120,12,12,0,m,1,4.691955093992874,None,0,12,12,67,226.1275430599926,,,,,,,,,,,,,,,,,,,,,,,,,,,,,226.10549630099558,226.1275430599926,226.1275430599926,226.1275430599926,226.1275430599926,226.1275430599926,226.1275430599926,230.8291646610014,m,1,4.691955093992874,None,230.82945250801276,230.83766927200486,231.3288501840143,231.4958715130051,,,,,001,AL240226,2026-02-24_15h14.11.590,TestMentalRotation,,2025.1.1,120.27510092026796,2026-02-24 15h14.51.780304 +0000,
4_z_310_b.jpg,4_z_310_b.jpg,0,120,y,n,120,13,13,0,n,1,6.363584657985484,None,0,13,13,49,231.4958715130051,,,,,,,,,,,,,,,,,,,,,,,,,,,,,231.4736813569907,231.4958715130051,231.4958715130051,231.4958715130051,231.4958715130051,231.4958715130051,231.4958715130051,237.8651274649892,n,1,6.363584657985484,None,237.86541604500962,237.87368380799307,238.3649667990103,238.53145340800984,,,,,001,AL240226,2026-02-24_15h14.11.590,TestMentalRotation,,2025.1.1,120.27510092026796,2026-02-24 15h14.51.780304 +0000,
4_z_310_a.jpg,4_z_310_a.jpg,0,60,y,n,60,14,14,0,n,1,3.7040187740058172,None,0,14,14,61,238.53145340800984,,,,,,,,,,,,,,,,,,,,,,,,,,,,,238.5097786099941,238.53145340800984,238.53145340800984,238.53145340800984,238.53145340800984,238.53145340800984,238.53145340800984,242.24101837200578,n,1,3.7040187740058172,None,242.24130649698782,242.2496469450125,242.7331196469895,242.89980017000926,,,,,001,AL240226,2026-02-24_15h14.11.590,TestMentalRotation,,2025.1.1,120.27510092026796,2026-02-24 15h14.51.780304 +0000,
2_z_145_a.jpg,2_z_145_b.jpg,0,80,n,m,80,15,15,0,n,0,7.239643951994367,None,0,15,15,62,242.89980017000926,,,,,,,,,,,,,,,,,,,,,,,,,,,,,242.87925883900607,242.89980017000926,242.89980017000926,242.89980017000926,242.89980017000926,242.89980017000926,242.89980017000926,250.14290030000848,n,0,7.239643951994367,None,250.14466724399244,250.16844958200818,250.65151458000764,,,,,,001,AL240226,2026-02-24_15h14.11.590,TestMentalRotation,,2025.1.1,120.27510092026796,2026-02-24 15h14.51.780304 +0000,
3_z_160_b.jpg,3_z_160_b.jpg,0,100,y,n,100,16,16,0,n,1,26.288699902012013,None,0,16,16,29,250.81874830299057,,,,,,,,,,,,,,,,,,,,,,,,,,,,,250.79750693100505,250.81874830299057,250.81874830299057,250.81874830299057,250.81874830299057,250.81874830299057,250.81874830299057,277.1111282769998,n,1,26.288699902012013,None,277.11293452300015,277.12153193799895,277.61085837101564,277.7772617530136,,,,,001,AL240226,2026-02-24_15h14.11.590,TestMentalRotation,,2025.1.1,120.27510092026796,2026-02-24 15h14.51.780304 +0000,
3_z_160_b.jpg,3_z_160_b.jpg,0,120,y,n,120,17,17,0,n,1,9.498213262995705,None,0,17,17,12,277.7772617530136,,,,,,,,,,,,,,,,,,,,,,,,,,,,,277.75679378799396,277.7772617530136,277.7772617530136,277.7772617530136,277.7772617530136,277.7772617530136,277.7772617530136,287.2808163499867,n,1,9.498213262995705,None,287.28110517701134,287.2893171129981,287.7804717149993,287.9468641320127,,,,,001,AL240226,2026-02-24_15h14.11.590,TestMentalRotation,,2025.1.1,120.27510092026796,2026-02-24 15h14.51.780304 +0000,
1_z_140_a.jpg,1_z_140_b.jpg,0,140,n,m,140,18,18,0,m,1,9.432530627993401,None,0,18,18,14,287.9468641320127,,,,,,,,,,,,,,,,,,,,,,,,,,,,,287.92508405199624,287.9468641320127,287.9468641320127,287.9468641320127,287.9468641320127,287.9468641320127,287.9468641320127,297.3840075680055,m,1,9.432530627993401,None,297.38429021500633,297.39243384299334,297.8833744949952,298.05005914499634,,,,,001,AL240226,2026-02-24_15h14.11.590,TestMentalRotation,,2025.1.1,120.27510092026796,2026-02-24 15h14.51.780304 +0000,
4_z_310_b.jpg,4_z_310_a.jpg,0,100,n,m,100,19,19,0,m,1,11.097436750977067,None,0,19,19,64,298.05005914499634,,,,,,,,,,,,,,,,,,,,,,,,,,,,,298.0281020939874,298.05005914499634,298.05005914499634,298.05005914499634,298.05005914499634,298.05005914499634,298.05005914499634,309.1538302680128,m,1,11.097436750977067,None,309.1541180899949,309.16242303399486,309.6536729449872,309.8203966699948,,,,,001,AL240226,2026-02-24_15h14.11.590,TestMentalRotation,,2025.1.1,120.27510092026796,2026-02-24 15h14.51.780304 +0000,
2_z_145_b.jpg,2_z_145_b.jpg,0,40,y,n,40,20,20,0,n,1,8.183050856983755,None,0,20,20,59,309.8203966699948,,,,,,,,,,,,,,,,,,,,,,,,,,,,,309.79905504599446,309.8203966699948,309.8203966699948,309.8203966699948,309.8203966699948,309.8203966699948,309.8203966699948,318.0067702069937,n,1,8.183050856983755,None,318.0070577430015,318.0153167259996,318.50627800100483,318.6737653760065,,,,,001,AL240226,2026-02-24_15h14.11.590,TestMentalRotation,,2025.1.1,120.27510092026796,2026-02-24 15h14.51.780304 +0000,
2_z_145_a.jpg,2_z_145_a.jpg,0,160,y,n,160,21,21,0,m,0,17.31368497700896,None,0,21,21,70,318.6737653760065,,,,,,,,,,,,,,,,,,,,,,,,,,,,,318.6554646320001,318.6737653760065,318.6737653760065,318.6737653760065,318.6737653760065,318.6737653760065,318.6737653760065,335.9953643490153,m,0,17.31368497700896,None,335.99723195598926,336.00555111901485,336.49499376601307,336.6621275439975,,,,,001,AL240226,2026-02-24_15h14.11.590,TestMentalRotation,,2025.1.1,120.27510092026796,2026-02-24 15h14.51.780304 +0000,
1_z_140_b.jpg,1_z_140_a.jpg,0,160,n,m,160,22,22,0,m,1,7.093241646012757,None,0,22,22,16,336.6621275439975,,,,,,,,,,,,,,,,,,,,,,,,,,,,,336.6404635430081,336.6621275439975,336.6621275439975,336.6621275439975,336.6621275439975,336.6621275439975,336.6621275439975,343.7648293329985,m,1,7.093241646012757,None,343.7666304940067,343.7751661580114,344.2644011359953,344.4312541800027,,,,,001,AL240226,2026-02-24_15h14.11.590,TestMentalRotation,,2025.1.1,120.27510092026796,2026-02-24 15h14.51.780304 +0000,
4_z_310_a.jpg,4_z_310_b.jpg,0,60,n,m,60,23,23,0,n,0,4.316262795997318,None,0,23,23,7,344.4312541800027,,,,,,,,,,,,,,,,,,,,,,,,,,,,,344.4101643990143,344.4312541800027,344.4312541800027,344.4312541800027,344.4312541800027,344.4312541800027,344.4312541800027,348.7497599860071,n,0,4.316262795997318,None,348.7516415989958,348.76003816598677,349.2493277770118,349.41614729200955,,,,,001,AL240226,2026-02-24_15h14.11.590,TestMentalRotation,,2025.1.1,120.27510092026796,2026-02-24 15h14.51.780304 +0000,
1_z_140_a.jpg,1_z_140_a.jpg,0,160,y,n,160,24,24,0,m,0,8.843298367020907,None,0,24,24,35,349.41614729200955,,,,,,,,,,,,,,,,,,,,,,,,,,,,,349.39473140399787,349.41614729200955,349.41614729200955,349.41614729200955,349.41614729200955,349.41614729200955,349.41614729200955,358.2690107410017,m,0,8.843298367020907,None,358.2693054919946,358.2766438710096,358.75954136101063,358.9327881039935,,,,,001,AL240226,2026-02-24_15h14.11.590,TestMentalRotation,,2025.1.1,120.27510092026796,2026-02-24 15h14.51.780304 +0000,
1_z_140_b.jpg,1_z_140_b.jpg,0,140,y,n,140,25,25,0,n,1,16.28652422199957,None,0,25,25,69,358.9327881039935,,,,,,,,,,,,,,,,,,,,,,,,,,,,,358.90509997701156,358.9327881039935,358.9327881039935,358.9327881039935,358.9327881039935,358.9327881039935,358.9327881039935,375.22433792901575,n,1,16.28652422199957,None,375.2261402409931,375.2346204940113,375.7237806280027,375.8908994109952,,,,,001,AL240226,2026-02-24_15h14.11.590,TestMentalRotation,,2025.1.1,120.27510092026796,2026-02-24 15h14.51.780304 +0000,
4_z_310_a.jpg,4_z_310_a.jpg,0,20,y,n,20,26,26,0,n,1,19.800545738980873,None,0,26,26,21,375.8908994109952,,,,,,,,,,,,,,,,,,,,,,,,,,,,,375.8690934740007,375.8908994109952,375.8908994109952,375.8908994109952,375.8908994109952,375.8908994109952,375.8908994109952,395.6971331560053,n,1,19.800545738980873,None,395.6974848580139,395.7057377889869,396.19689647399355,396.3643848260108,,,,,001,AL240226,2026-02-24_15h14.11.590,TestMentalRotation,,2025.1.1,120.27510092026796,2026-02-24 15h14.51.780304 +0000,
1_z_140_b.jpg,1_z_140_b.jpg,0,160,y,n,160,27,27,0,m,0,9.143009590014117,None,0,27,27,52,396.3643848260108,,,,,,,,,,,,,,,,,,,,,,,,,,,,,396.34446672699414,396.3643848260108,396.3643848260108,396.3643848260108,396.3643848260108,396.3643848260108,396.3643848260108,405.5170488260046,m,0,9.143009590014117,None,405.5189488810138,405.5274405670061,406.01675114801037,406.183649485989,,,,,001,AL240226,2026-02-24_15h14.11.590,TestMentalRotation,,2025.1.1,120.27510092026796,2026-02-24 15h14.51.780304 +0000,
5_z_340_a.jpg,5_z_340_a.jpg,0,0,y,n,0,28,28,0,m,0,5.259793680015719,None,0,28,28,19,406.183649485989,,,,,,,,,,,,,,,,,,,,,,,,,,,,,406.161429202999,406.183649485989,406.183649485989,406.183649485989,406.183649485989,406.183649485989,406.183649485989,411.45211228801054,m,0,5.259793680015719,None,411.4524023029953,411.4606167190068,411.9431410499965,412.11563511699205,,,,,001,AL240226,2026-02-24_15h14.11.590,TestMentalRotation,,2025.1.1,120.27510092026796,2026-02-24 15h14.51.780304 +0000,
5_z_340_b.jpg,5_z_340_b.jpg,0,40,y,n,40,29,29,0,m,0,13.151751950004837,None,0,29,29,5,412.11563511699205,,,,,,,,,,,,,,,,,,,,,,,,,,,,,412.0876833329967,412.11563511699205,412.11563511699205,412.11563511699205,412.11563511699205,412.11563511699205,412.11563511699205,425.27314711301005,m,0,13.151751950004837,None,425.2735094020027,425.2817080550012,425.77267546599614,425.95423528400715,,,,,001,AL240226,2026-02-24_15h14.11.590,TestMentalRotation,,2025.1.1,120.27510092026796,2026-02-24 15h14.51.780304 +0000,
5_z_340_a.jpg,5_z_340_a.jpg,0,100,y,n,100,30,30,0,n,1,7.361115274019539,None,0,30,30,11,425.95423528400715,,,,,,,,,,,,,,,,,,,,,,,,,,,,,425.9275136149954,425.95423528400715,425.95423528400715,425.95423528400715,425.95423528400715,425.95423528400715,425.95423528400715,433.3169477999909,n,1,7.361115274019539,None,433.3186698810023,433.34271986200474,433.8255763720081,,,,,,001,AL240226,2026-02-24_15h14.11.590,TestMentalRotation,,2025.1.1,120.27510092026796,2026-02-24 15h14.51.780304 +0000,
5_z_340_b.jpg,5_z_340_a.jpg,0,60,n,m,60,31,31,0,m,1,2.3546934080077335,None,0,31,31,24,433.99275050501456,,,,,,,,,,,,,,,,,,,,,,,,,,,,,433.97216131098685,433.99275050501456,433.99275050501456,433.99275050501456,433.99275050501456,433.99275050501456,433.99275050501456,436.3507085930032,m,1,2.3546934080077335,None,436.350995951012,436.3593889909971,436.8428799409885,437.01014377200045,,,,,001,AL240226,2026-02-24_15h14.11.590,TestMentalRotation,,2025.1.1,120.27510092026796,2026-02-24 15h14.51.780304 +0000,
4_z_310_b.jpg,4_z_310_a.jpg,0,140,n,m,140,32,32,0,n,0,5.977218990010442,None,0,32,32,32,437.01014377200045,,,,,,,,,,,,,,,,,,,,,,,,,,,,,436.9888519019878,437.01014377200045,437.01014377200045,437.01014377200045,437.01014377200045,437.01014377200045,437.01014377200045,442.9957300479873,n,0,5.977218990010442,None,442.9976763819868,443.0061733350158,443.49548543599667,443.66222316399217,,,,,001,AL240226,2026-02-24_15h14.11.590,TestMentalRotation,,2025.1.1,120.27510092026796,2026-02-24 15h14.51.780304 +0000,
2_z_145_b.jpg,2_z_145_b.jpg,0,60,y,n,60,33,33,0,n,1,7.957235258974833,None,0,33,33,43,443.66222316399217,,,,,,,,,,,,,,,,,,,,,,,,,,,,,443.6411737090093,443.66222316399217,443.66222316399217,443.66222316399217,443.66222316399217,443.66222316399217,443.66222316399217,451.62225025199587,n,1,7.957235258974833,None,451.62393128700205,451.64793863601517,452.131777978997,,,,,,001,AL240226,2026-02-24_15h14.11.590,TestMentalRotation,,2025.1.1,120.27510092026796,2026-02-24 15h14.51.780304 +0000,
5_z_340_b.jpg,5_z_340_a.jpg,0,60,n,m,60,34,34,0,m,1,3.217024619982112,None,0,34,34,25,452.29833120200783,,,,,,,,,,,,,,,,,,,,,,,,,,,,,452.27775735699106,452.29833120200783,452.29833120200783,452.29833120200783,452.29833120200783,452.29833120200783,452.29833120200783,455.5236850109941,m,1,3.217024619982112,None,455.5239762669953,455.53213971998775,456.0156882109877,456.18278736100183,,,,,001,AL240226,2026-02-24_15h14.11.590,TestMentalRotation,,2025.1.1,120.27510092026796,2026-02-24 15h14.51.780304 +0000,
2_z_145_a.jpg,2_z_145_a.jpg,0,80,y,n,80,35,35,0,n,1,7.48466913899756,None,0,35,35,26,456.18278736100183,,,,,,,,,,,,,,,,,,,,,,,,,,,,,456.16212195399567,456.18278736100183,456.18278736100183,456.18278736100183,456.18278736100183,456.18278736100183,456.18278736100183,463.66883276301087,n,1,7.48466913899756,None,463.66912556500756,463.6773940860003,464.16845162099344,464.3352454509877,,,,,001,AL240226,2026-02-24_15h14.11.590,TestMentalRotation,,2025.1.1,120.27510092026796,2026-02-24 15h14.51.780304 +0000,
1_z_140_b.jpg,1_z_140_a.jpg,0,140,n,m,140,36,36,0,m,1,8.972216057998594,None,0,36,36,50,464.3352454509877,,,,,,,,,,,,,,,,,,,,,,,,,,,,,464.3141736240068,464.3352454509877,464.3352454509877,464.3352454509877,464.3352454509877,464.3352454509877,464.3352454509877,473.3128163680085,m,1,8.972216057998594,None,473.3130991969956,473.32150525500765,473.80480586300837,473.97145916201407,,,,,001,AL240226,2026-02-24_15h14.11.590,TestMentalRotation,,2025.1.1,120.27510092026796,2026-02-24 15h14.51.780304 +0000,
3_z_160_a.jpg,3_z_160_b.jpg,0,0,n,m,0,37,37,0,m,1,2.735995096008992,None,0,37,37,1,473.97145916201407,,,,,,,,,,,,,,,,,,,,,,,,,,,,,473.94952197698876,473.97145916201407,473.97145916201407,473.97145916201407,473.97145916201407,473.97145916201407,473.97145916201407,476.7133107300033,m,1,2.735995096008992,None,476.7135964999907,476.72189836899634,477.2063556369976,477.37272537400713,,,,,001,AL240226,2026-02-24_15h14.11.590,TestMentalRotation,,2025.1.1,120.27510092026796,2026-02-24 15h14.51.780304 +0000,
5_z_340_a.jpg,5_z_340_b.jpg,0,40,n,m,40,38,38,0,m,1,4.614729091990739,None,0,38,38,23,477.37272537400713,,,,,,,,,,,,,,,,,,,,,,,,,,,,,477.3515893429867,477.37272537400713,477.37272537400713,477.37272537400713,477.37272537400713,477.37272537400713,477.37272537400713,481.9916780490021,m,1,4.614729091990739,None,481.99196557799587,482.00016417499864,482.49116954999045,482.657529744989,,,,,001,AL240226,2026-02-24_15h14.11.590,TestMentalRotation,,2025.1.1,120.27510092026796,2026-02-24 15h14.51.780304 +0000,
1_z_140_a.jpg,1_z_140_b.jpg,0,80,n,m,80,39,39,0,m,1,5.425925560994074,None,0,39,39,44,482.657529744989,,,,,,,,,,,,,,,,,,,,,,,,,,,,,482.63599739500205,482.657529744989,482.657529744989,482.657529744989,482.657529744989,482.657529744989,482.657529744989,488.0843053419958,m,1,5.425925560994074,None,488.0847031570156,488.09288276601,488.57640102299047,488.74285029500606,,,,,001,AL240226,2026-02-24_15h14.11.590,TestMentalRotation,,2025.1.1,120.27510092026796,2026-02-24 15h14.51.780304 +0000,
2_z_145_a.jpg,2_z_145_a.jpg,0,120,y,n,120,40,40,0,n,1,9.668606566003291,None,0,40,40,66,488.74285029500606,,,,,,,,,,,,,,,,,,,,,,,,,,,,,488.721442775015,488.74285029500606,488.74285029500606,488.74285029500606,488.74285029500606,488.74285029500606,488.74285029500606,498.41290854799445,n,1,9.668606566003291,None,498.4132040730037,498.4215143379988,498.91272250699694,499.0796808130108,,,,,001,AL240226,2026-02-24_15h14.11.590,TestMentalRotation,,2025.1.1,120.27510092026796,2026-02-24 15h14.51.780304 +0000,
1_z_140_b.jpg,1_z_140_b.jpg,0,20,y,n,20,41,41,0,n,1,2.987688908004202,None,0,41,41,56,499.0796808130108,,,,,,,,,,,,,,,,,,,,,,,,,,,,,499.0595160119992,499.0796808130108,499.0796808130108,499.0796808130108,499.0796808130108,499.0796808130108,499.0796808130108,502.0717600049975,n,1,2.987688908004202,None,502.07204460998764,502.08029033598723,502.56412333701155,502.7304113820137,,,,,001,AL240226,2026-02-24_15h14.11.590,TestMentalRotation,,2025.1.1,120.27510092026796,2026-02-24 15h14.51.780304 +0000,
1_z_140_b.jpg,1_z_140_a.jpg,0,0,n,m,0,42,42,0,m,1,12.185046642000088,None,0,42,42,54,502.7304113820137,,,,,,,,,,,,,,,,,,,,,,,,,,,,,502.70871273599914,502.7304113820137,502.7304113820137,502.7304113820137,502.7304113820137,502.7304113820137,502.7304113820137,514.9179702649999,m,1,12.185046642000088,None,514.9182559270121,514.9263377540046,515.4175828240113,515.5847077599901,,,,,001,AL240226,2026-02-24_15h14.11.590,TestMentalRotation,,2025.1.1,120.27510092026796,2026-02-24 15h14.51.780304 +0000,
2_z_145_a.jpg,2_z_145_b.jpg,0,140,n,m,140,43,43,0,m,1,7.2987395219970495,None,0,43,43,51,515.5847077599901,,,,,,,,,,,,,,,,,,,,,,,,,,,,,515.5640212610015,515.5847077599901,515.5847077599901,515.5847077599901,515.5847077599901,515.5847077599901,515.5847077599901,522.8875740389922,m,1,7.2987395219970495,None,522.8878642680065,522.896064976987,523.3869844099972,523.5536671470036,,,,,001,AL240226,2026-02-24_15h14.11.590,TestMentalRotation,,2025.1.1,120.27510092026796,2026-02-24 15h14.51.780304 +0000,
1_z_140_a.jpg,1_z_140_a.jpg,0,160,y,n,160,44,44,0,n,1,7.7697774289990775,None,0,44,44,34,523.5536671470036,,,,,,,,,,,,,,,,,,,,,,,,,,,,,523.5314432849991,523.5536671470036,523.5536671470036,523.5536671470036,523.5536671470036,523.5536671470036,523.5536671470036,531.3303412079986,n,1,7.7697774289990775,None,531.3306275389914,531.3388693320157,531.8224555590132,531.9894291759992,,,,,001,AL240226,2026-02-24_15h14.11.590,TestMentalRotation,,2025.1.1,120.27510092026796,2026-02-24 15h14.51.780304 +0000,
1_z_140_b.jpg,1_z_140_b.jpg,0,80,y,n,80,45,45,0,n,1,6.214019045990426,None,0,45,45,45,531.9894291759992,,,,,,,,,,,,,,,,,,,,,,,,,,,,,531.9674853750039,531.9894291759992,531.9894291759992,531.9894291759992,531.9894291759992,531.9894291759992,531.9894291759992,538.2089561299945,n,1,6.214019045990426,None,538.2092857350071,538.2175435060053,538.7084260600095,538.8750437950075,,,,,001,AL240226,2026-02-24_15h14.11.590,TestMentalRotation,,2025.1.1,120.27510092026796,2026-02-24 15h14.51.780304 +0000,
4_z_310_b.jpg,4_z_310_a.jpg,0,160,n,m,160,46,46,0,n,0,5.248409299005289,None,0,46,46,71,538.8750437950075,,,,,,,,,,,,,,,,,,,,,,,,,,,,,538.8534694589907,538.8750437950075,538.8750437950075,538.8750437950075,538.8750437950075,538.8750437950075,538.8750437950075,544.1272562420054,n,0,5.248409299005289,None,544.1291006410029,544.1375114989933,544.6268768279988,544.7935744890128,,,,,001,AL240226,2026-02-24_15h14.11.590,TestMentalRotation,,2025.1.1,120.27510092026796,2026-02-24 15h14.51.780304 +0000,
5_z_340_a.jpg,5_z_340_a.jpg,0,60,y,n,60,47,47,0,n,1,6.257873020018451,None,0,47,47,60,544.7935744890128,,,,,,,,,,,,,,,,,,,,,,,,,,,,,544.7724774620146,544.7935744890128,544.7935744890128,544.7935744890128,544.7935744890128,544.7935744890128,544.7935744890128,551.0530986869999,n,1,6.257873020018451,None,551.0547759970068,551.0631282289978,551.5526152559905,551.7259177519882,,,,,001,AL240226,2026-02-24_15h14.11.590,TestMentalRotation,,2025.1.1,120.27510092026796,2026-02-24 15h14.51.780304 +0000,
1_z_140_a.jpg,1_z_140_b.jpg,0,120,n,m,120,48,48,0,n,0,4.00548323901603,None,0,48,48,30,551.7259177519882,,,,,,,,,,,,,,,,,,,,,,,,,,,,,551.6979133760033,551.7259177519882,551.7259177519882,551.7259177519882,551.7259177519882,551.7259177519882,551.7259177519882,555.7379713580012,n,0,4.00548323901603,None,555.7404092159995,555.7502184890036,556.2369544199901,556.4114437249955,,,,,001,AL240226,2026-02-24_15h14.11.590,TestMentalRotation,,2025.1.1,120.27510092026796,2026-02-24 15h14.51.780304 +0000,
3_z_160_a.jpg,3_z_160_a.jpg,0,0,y,n,0,49,49,0,n,1,4.351925133989425,None,0,49,49,0,556.4114437249955,,,,,,,,,,,,,,,,,,,,,,,,,,,,,556.385277969006,556.4114437249955,556.4114437249955,556.4114437249955,556.4114437249955,556.4114437249955,556.4114437249955,560.765404351987,n,1,4.351925133989425,None,560.7671707170084,560.7756891860045,561.2650275639899,561.4320152190048,,,,,001,AL240226,2026-02-24_15h14.11.590,TestMentalRotation,,2025.1.1,120.27510092026796,2026-02-24 15h14.51.780304 +0000,
4_z_310_b.jpg,4_z_310_a.jpg,0,160,n,m,160,50,50,0,n,0,7.427486536995275,None,0,50,50,17,561.4320152190048,,,,,,,,,,,,,,,,,,,,,,,,,,,,,561.4101857710048,561.4320152190048,561.4320152190048,561.4320152190048,561.4320152190048,561.4320152190048,561.4320152190048,568.8682764650148,n,0,7.427486536995275,None,568.8700838160003,568.8785785580112,569.3678743419878,569.5346381510026,,,,,001,AL240226,2026-02-24_15h14.11.590,TestMentalRotation,,2025.1.1,120.27510092026796,2026-02-24 15h14.51.780304 +0000,
3_z_160_a.jpg,3_z_160_a.jpg,0,100,y,n,100,51,51,0,m,0,9.076815806998638,None,0,51,51,47,569.5346381510026,,,,,,,,,,,,,,,,,,,,,,,,,,,,,569.5127219860151,569.5346381510026,569.5346381510026,569.5346381510026,569.5346381510026,569.5346381510026,569.5346381510026,578.6123284419882,m,0,9.076815806998638,None,578.612721123005,578.6208827699884,579.1041838699894,579.2710106710147,,,,,001,AL240226,2026-02-24_15h14.11.590,TestMentalRotation,,2025.1.1,120.27510092026796,2026-02-24 15h14.51.780304 +0000,
4_z_310_a.jpg,4_z_310_b.jpg,0,0,n,m,0,52,52,0,m,1,17.516444179986138,None,0,52,52,37,579.2710106710147,,,,,,,,,,,,,,,,,,,,,,,,,,,,,579.2494971120032,579.2710106710147,579.2710106710147,579.2710106710147,579.2710106710147,579.2710106710147,579.2710106710147,596.7929438980063,m,1,17.516444179986138,None,596.794763051992,596.8032058280078,597.2936939040083,,,,,,001,AL240226,2026-02-24_15h14.11.590,TestMentalRotation,,2025.1.1,120.27510092026796,2026-02-24 15h14.51.780304 +0000,
5_z_340_b.jpg,5_z_340_b.jpg,0,20,y,n,20,53,53,0,n,1,3.927550134016201,None,0,53,53,3,597.459911332,,,,,,,,,,,,,,,,,,,,,,,,,,,,,597.4380079219991,597.459911332,597.459911332,597.459911332,597.459911332,597.459911332,597.459911332,601.3946603850054,n,1,3.927550134016201,None,601.3949584279908,601.403155773005,601.894192718988,602.0613343360019,,,,,001,AL240226,2026-02-24_15h14.11.590,TestMentalRotation,,2025.1.1,120.27510092026796,2026-02-24 15h14.51.780304 +0000,
4_z_310_a.jpg,4_z_310_b.jpg,0,60,n,m,60,54,54,0,m,1,7.758113185991533,None,0,54,54,6,602.0613343360019,,,,,,,,,,,,,,,,,,,,,,,,,,,,,602.0390280389984,602.0613343360019,602.0613343360019,602.0613343360019,602.0613343360019,602.0613343360019,602.0613343360019,609.8219108099875,m,1,7.758113185991533,None,609.8221996689972,609.8304269550135,610.3137613559957,610.4805950000009,,,,,001,AL240226,2026-02-24_15h14.11.590,TestMentalRotation,,2025.1.1,120.27510092026796,2026-02-24 15h14.51.780304 +0000,
2_z_145_b.jpg,2_z_145_a.jpg,0,80,n,m,80,55,55,0,m,1,6.194847495004069,None,0,55,55,8,610.4805950000009,,,,,,,,,,,,,,,,,,,,,,,,,,,,,610.4584901809867,610.4805950000009,610.4805950000009,610.4805950000009,610.4805950000009,610.4805950000009,610.4805950000009,616.6826582239883,m,1,6.194847495004069,None,616.6830105799891,616.6912111559941,617.1737483679899,617.3468559070025,,,,,001,AL240226,2026-02-24_15h14.11.590,TestMentalRotation,,2025.1.1,120.27510092026796,2026-02-24 15h14.51.780304 +0000,
2_z_145_b.jpg,2_z_145_a.jpg,0,20,n,m,20,56,56,0,m,1,8.560558795026736,None,0,56,56,38,617.3468559070025,,,,,,,,,,,,,,,,,,,,,,,,,,,,,617.3199641120154,617.3468559070025,617.3468559070025,617.3468559070025,617.3468559070025,617.3468559070025,617.3468559070025,625.9099189900153,m,1,8.560558795026736,None,625.9102042129962,625.9184734419978,626.4019472519867,626.5691995079978,,,,,001,AL240226,2026-02-24_15h14.11.590,TestMentalRotation,,2025.1.1,120.27510092026796,2026-02-24 15h14.51.780304 +0000,
4_z_310_b.jpg,4_z_310_b.jpg,0,40,y,n,40,57,57,0,n,1,3.906256004003808,None,0,57,57,40,626.5691995079978,,,,,,,,,,,,,,,,,,,,,,,,,,,,,626.547965189995,626.5691995079978,626.5691995079978,626.5691995079978,626.5691995079978,626.5691995079978,626.5691995079978,630.47811576401,n,1,3.906256004003808,None,630.4784055289929,630.4866465119994,630.9701816269953,631.1370678929961,,,,,001,AL240226,2026-02-24_15h14.11.590,TestMentalRotation,,2025.1.1,120.27510092026796,2026-02-24 15h14.51.780304 +0000,
2_z_145_a.jpg,2_z_145_b.jpg,0,100,n,m,100,58,58,0,m,1,3.5623905429965816,None,0,58,58,65,631.1370678929961,,,,,,,,,,,,,,,,,,,,,,,,,,,,,631.1152966759983,631.1370678929961,631.1370678929961,631.1370678929961,631.1370678929961,631.1370678929961,631.1370678929961,634.7051936470089,m,1,3.5623905429965816,None,634.7054839589982,634.7136792810052,635.2049048919871,635.371780343994,,,,,001,AL240226,2026-02-24_15h14.11.590,TestMentalRotation,,2025.1.1,120.27510092026796,2026-02-24 15h14.51.780304 +0000,
1_z_140_a.jpg,1_z_140_a.jpg,0,20,y,n,20,59,59,0,n,1,3.607675475999713,None,0,59,59,2,635.371780343994,,,,,,,,,,,,,,,,,,,,,,,,,,,,,635.349595837004,635.371780343994,635.371780343994,635.371780343994,635.371780343994,635.371780343994,635.371780343994,638.9810926489881,n,1,3.607675475999713,None,638.9813783249992,638.9896197509952,639.4730939120054,639.6397661230003,,,,,001,AL240226,2026-02-24_15h14.11.590,TestMentalRotation,,2025.1.1,120.27510092026796,2026-02-24 15h14.51.780304 +0000,
5_z_340_b.jpg,5_z_340_b.jpg,0,100,y,n,100,60,60,0,n,1,8.003656651009806,None,0,60,60,46,639.6397661230003,,,,,,,,,,,,,,,,,,,,,,,,,,,,,639.617960981006,639.6397661230003,639.6397661230003,639.6397661230003,639.6397661230003,639.6397661230003,639.6397661230003,647.6507519939914,n,1,8.003656651009806,None,647.6510398380051,647.6592043080018,648.1427586640057,648.3091590160038,,,,,001,AL240226,2026-02-24_15h14.11.590,TestMentalRotation,,2025.1.1,120.27510092026796,2026-02-24 15h14.51.780304 +0000,
3_z_160_b.jpg,3_z_160_b.jpg,0,80,y,n,80,61,61,0,n,1,2.9342268979817163,None,0,61,61,9,648.3091590160038,,,,,,,,,,,,,,,,,,,,,,,,,,,,,648.2870834149944,648.3091590160038,648.3091590160038,648.3091590160038,648.3091590160038,648.3091590160038,648.3091590160038,651.2510732189985,n,1,2.9342268979817163,None,651.2513571979944,651.2596229079936,651.7430324080051,651.910230473004,,,,,001,AL240226,2026-02-24_15h14.11.590,TestMentalRotation,,2025.1.1,120.27510092026796,2026-02-24 15h14.51.780304 +0000,
3_z_160_a.jpg,3_z_160_b.jpg,0,120,n,m,120,62,62,0,m,1,2.341220212983899,None,0,62,62,13,651.910230473004,,,,,,,,,,,,,,,,,,,,,,,,,,,,,651.8885815890098,651.910230473004,651.910230473004,651.910230473004,651.910230473004,651.910230473004,651.910230473004,654.2524377540103,m,1,2.341220212983899,None,654.2528622620157,654.2610932330135,654.744351567002,654.9111934159882,,,,,001,AL240226,2026-02-24_15h14.11.590,TestMentalRotation,,2025.1.1,120.27510092026796,2026-02-24 15h14.51.780304 +0000,
3_z_160_a.jpg,3_z_160_b.jpg,0,20,n,m,20,63,63,0,m,1,3.6681717409810517,None,0,63,63,20,654.9111934159882,,,,,,,,,,,,,,,,,,,,,,,,,,,,,654.8894609810086,654.9111934159882,654.9111934159882,654.9111934159882,654.9111934159882,654.9111934159882,654.9111934159882,658.5874842600024,m,1,3.6681717409810517,None,658.587765342003,658.5960696809925,659.0793019279954,659.2460224580136,,,,,001,AL240226,2026-02-24_15h14.11.590,TestMentalRotation,,2025.1.1,120.27510092026796,2026-02-24 15h14.51.780304 +0000,
3_z_160_a.jpg,3_z_160_a.jpg,0,0,y,n,0,64,64,0,n,1,1.9574951819959097,None,0,64,64,36,659.2460224580136,,,,,,,,,,,,,,,,,,,,,,,,,,,,,659.2245939029963,659.2460224580136,659.2460224580136,659.2460224580136,659.2460224580136,659.2460224580136,659.2460224580136,661.2128478309896,n,1,1.9574951819959097,None,661.2131382219959,661.2204782740155,661.7034662149963,661.8766991070006,,,,,001,AL240226,2026-02-24_15h14.11.590,TestMentalRotation,,2025.1.1,120.27510092026796,2026-02-24 15h14.51.780304 +0000,
5_z_340_a.jpg,5_z_340_b.jpg,0,160,n,m,160,65,65,0,m,1,5.494813725003041,None,0,65,65,53,661.8766991070006,,,,,,,,,,,,,,,,,,,,,,,,,,,,,661.8477705759869,661.8766991070006,661.8766991070006,661.8766991070006,661.8766991070006,661.8766991070006,661.8766991070006,667.3736523539992,m,1,5.494813725003041,None,667.3739385660156,667.38219857699,667.8656842710043,668.0320339419995,,,,,001,AL240226,2026-02-24_15h14.11.590,TestMentalRotation,,2025.1.1,120.27510092026796,2026-02-24 15h14.51.780304 +0000,
3_z_160_b.jpg,3_z_160_a.jpg,0,0,n,m,0,66,66,0,m,1,1.7554213860130403,None,0,66,66,55,668.0320339419995,,,,,,,,,,,,,,,,,,,,,,,,,,,,,668.0111220059916,668.0320339419995,668.0320339419995,668.0320339419995,668.0320339419995,668.0320339419995,668.0320339419995,669.7905022210034,m,1,1.7554213860130403,None,669.7907864339941,669.7989494900103,670.2825238229998,670.4492734629894,,,,,001,AL240226,2026-02-24_15h14.11.590,TestMentalRotation,,2025.1.1,120.27510092026796,2026-02-24 15h14.51.780304 +0000,
5_z_340_a.jpg,5_z_340_b.jpg,0,140,n,m,140,67,67,0,m,1,6.826103399012936,None,0,67,67,15,670.4492734629894,,,,,,,,,,,,,,,,,,,,,,,,,,,,,670.4274330949993,670.4492734629894,670.4492734629894,670.4492734629894,670.4492734629894,670.4492734629894,670.4492734629894,677.2766209050023,m,1,6.826103399012936,None,677.2769161050091,677.285653355997,677.7684696800134,677.9352291380055,,,,,001,AL240226,2026-02-24_15h14.11.590,TestMentalRotation,,2025.1.1,120.27510092026796,2026-02-24 15h14.51.780304 +0000,
2_z_145_a.jpg,2_z_145_a.jpg,0,80,y,n,80,68,68,0,n,1,3.356229564989917,None,0,68,68,63,677.9352291380055,,,,,,,,,,,,,,,,,,,,,,,,,,,,,677.9144681500038,677.9352291380055,677.9352291380055,677.9352291380055,677.9352291380055,677.9352291380055,677.9352291380055,681.2938180860074,n,1,3.356229564989917,None,681.2941008170019,681.3023661510088,681.7858813370112,681.9529837910086,,,,,001,AL240226,2026-02-24_15h14.11.590,TestMentalRotation,,2025.1.1,120.27510092026796,2026-02-24 15h14.51.780304 +0000,
4_z_310_a.jpg,4_z_310_b.jpg,0,60,n,m,60,69,69,0,m,1,6.5625274699996226,None,0,69,69,42,681.9529837910086,,,,,,,,,,,,,,,,,,,,,,,,,,,,,681.9315374050057,681.9529837910086,681.9529837910086,681.9529837910086,681.9529837910086,681.9529837910086,681.9529837910086,688.522321247001,m,1,6.5625274699996226,None,688.5226115490077,688.5307643419947,689.0218974710151,689.2033698440064,,,,,001,AL240226,2026-02-24_15h14.11.590,TestMentalRotation,,2025.1.1,120.27510092026796,2026-02-24 15h14.51.780304 +0000,
3_z_160_a.jpg,3_z_160_a.jpg,0,20,y,n,20,70,70,0,n,1,3.2800217009789776,None,0,70,70,39,689.2033698440064,,,,,,,,,,,,,,,,,,,,,,,,,,,,,689.177905886987,689.2033698440064,689.2033698440064,689.2033698440064,689.2033698440064,689.2033698440064,689.2033698440064,692.4904882890114,n,1,3.2800217009789776,None,692.4907833290054,692.4990347429994,692.9901315910101,693.1566374330141,,,,,001,AL240226,2026-02-24_15h14.11.590,TestMentalRotation,,2025.1.1,120.27510092026796,2026-02-24 15h14.51.780304 +0000,
3_z_160_b.jpg,3_z_160_a.jpg,0,80,n,m,80,71,71,0,m,1,1.9908126740192529,None,0,71,71,27,693.1566374330141,,,,,,,,,,,,,,,,,,,,,,,,,,,,,693.1353373060119,693.1566374330141,693.1566374330141,693.1566374330141,693.1566374330141,693.1566374330141,693.1566374330141,695.1484158209933,m,1,1.9908126740192529,None,695.1487802439951,695.1570062760147,695.6403968239902,695.8072812510072,,,,,001,AL240226,2026-02-24_15h14.11.590,TestMentalRotation,,2025.1.1,120.27510092026796,2026-02-24 15h14.51.780304 +0000,
1_z_140_a.jpg,1_z_140_b.jpg,0,140,n,m,140,72,0,1,m,1,7.628176653000992,None,1,0,72,68,695.8072812510072,,,,,,,,,,,,,,,,,,,,,,,,,,,,,695.7855972549878,695.8072812510072,695.8072812510072,695.8072812510072,695.8072812510072,695.8072812510072,695.8072812510072,703.4436124770145,m,1,7.628176653000992,None,703.4439012889925,703.4523023799993,703.9432858210057,704.1099226480001,,,,,001,AL240226,2026-02-24_15h14.11.590,TestMentalRotation,,2025.1.1,120.27510092026796,2026-02-24 15h14.51.780304 +0000,
3_z_160_b.jpg,3_z_160_a.jpg,0,80,n,m,80,73,1,1,m,1,2.461448277987074,None,1,1,73,27,704.1099226480001,,,,,,,,,,,,,,,,,,,,,,,,,,,,,704.0885115560086,704.1099226480001,704.1099226480001,704.1099226480001,704.1099226480001,704.1099226480001,704.1099226480001,706.5772843750019,m,1,2.461448277987074,None,706.5775795259979,706.5858046220092,707.0684989489964,707.2412934449967,,,,,001,AL240226,2026-02-24_15h14.11.590,TestMentalRotation,,2025.1.1,120.27510092026796,2026-02-24 15h14.51.780304 +0000,
3_z_160_b.jpg,3_z_160_b.jpg,0,120,y,n,120,74,2,1,m,0,3.866025290975813,None,1,2,74,31,707.2412934449967,,,,,,,,,,,,,,,,,,,,,,,,,,,,,707.2137101670087,707.2412934449967,707.2412934449967,707.2412934449967,707.2412934449967,707.2412934449967,707.2412934449967,711.1121795990039,m,0,3.866025290975813,None,711.1140717020025,711.1223953500157,711.611873345013,711.7788776349917,,,,,001,AL240226,2026-02-24_15h14.11.590,TestMentalRotation,,2025.1.1,120.27510092026796,2026-02-24 15h14.51.780304 +0000,
3_z_160_a.jpg,3_z_160_b.jpg,0,0,n,m,0,75,3,1,m,1,2.944580756011419,None,1,3,75,1,711.7788776349917,,,,,,,,,,,,,,,,,,,,,,,,,,,,,711.7570644200023,711.7788776349917,711.7788776349917,711.7788776349917,711.7788776349917,711.7788776349917,711.7788776349917,714.7302735400153,m,1,2.944580756011419,None,714.732083142997,714.7403952419991,715.2299644160084,715.3967399210087,,,,,001,AL240226,2026-02-24_15h14.11.590,TestMentalRotation,,2025.1.1,120.27510092026796,2026-02-24 15h14.51.780304 +0000,
5_z_340_a.jpg,5_z_340_b.jpg,0,40,n,m,40,76,4,1,m,1,4.510714119998738,None,1,4,76,23,715.3967399210087,,,,,,,,,,,,,,,,,,,,,,,,,,,,,715.375481658004,715.3967399210087,715.3967399210087,715.3967399210087,715.3967399210087,715.3967399210087,715.3967399210087,719.9152837790025,m,1,4.510714119998738,None,719.9155762860028,719.923935933999,720.4148214260058,720.5814308070112,,,,,001,AL240226,2026-02-24_15h14.11.590,TestMentalRotation,,2025.1.1,120.27510092026796,2026-02-24 15h14.51.780304 +0000,
3_z_160_a.jpg,3_z_160_b.jpg,0,20,n,m,20,77,5,1,m,1,2.0540884420042858,None,1,5,77,20,720.5814308070112,,,,,,,,,,,,,,,,,,,,,,,,,,,,,720.5592075820023,720.5814308070112,720.5814308070112,720.5814308070112,720.5814308070112,720.5814308070112,720.5814308070112,722.6404665329901,m,1,2.0540884420042858,None,722.6407514669991,722.6492675110057,723.1327366229962,723.299371325993,,,,,001,AL240226,2026-02-24_15h14.11.590,TestMentalRotation,,2025.1.1,120.27510092026796,2026-02-24 15h14.51.780304 +0000,
1_z_140_a.jpg,1_z_140_a.jpg,0,160,y,n,160,78,6,1,n,1,9.256146964005893,None,1,6,78,34,723.299371325993,,,,,,,,,,,,,,,,,,,,,,,,,,,,,723.2785523950006,723.299371325993,723.299371325993,723.299371325993,723.299371325993,723.299371325993,723.299371325993,732.5605058489891,n,1,9.256146964005893,None,732.5607951419952,732.5691654419934,733.0525962290121,733.219222773012,,,,,001,AL240226,2026-02-24_15h14.11.590,TestMentalRotation,,2025.1.1,120.27510092026796,2026-02-24 15h14.51.780304 +0000,
4_z_310_b.jpg,4_z_310_b.jpg,0,40,y,n,40,79,7,1,n,1,2.96023288401193,None,1,7,79,40,733.219222773012,,,,,,,,,,,,,,,,,,,,,,,,,,,,,733.1990123389987,733.219222773012,733.219222773012,733.219222773012,733.219222773012,733.219222773012,733.219222773012,736.1866506499937,n,1,2.96023288401193,None,736.1869380850112,736.195156361995,736.6862636760052,736.8533256369992,,,,,001,AL240226,2026-02-24_15h14.11.590,TestMentalRotation,,2025.1.1,120.27510092026796,2026-02-24 15h14.51.780304 +0000,
1_z_140_a.jpg,1_z_140_a.jpg,0,20,y,n,20,80,8,1,n,1,1.5021317549981177,None,1,8,80,2,736.8533256369992,,,,,,,,,,,,,,,,,,,,,,,,,,,,,736.8312333869981,736.8533256369992,736.8533256369992,736.8533256369992,736.8533256369992,736.8533256369992,736.8533256369992,738.3621708370047,n,1,1.5021317549981177,None,738.3624552440015,738.3707604270021,738.8540309710079,739.0209209870081,,,,,001,AL240226,2026-02-24_15h14.11.590,TestMentalRotation,,2025.1.1,120.27510092026796,2026-02-24 15h14.51.780304 +0000,
1_z_140_b.jpg,1_z_140_a.jpg,0,0,n,m,0,81,9,1,m,1,1.6785366740077734,None,1,9,81,54,739.0209209870081,,,,,,,,,,,,,,,,,,,,,,,,,,,,,739.0005435420026,739.0209209870081,739.0209209870081,739.0209209870081,739.0209209870081,739.0209209870081,739.0209209870081,740.7047410469968,m,1,1.6785366740077734,None,740.7050280919939,740.7133238039969,741.204242953012,741.3715067149897,,,,,001,AL240226,2026-02-24_15h14.11.590,TestMentalRotation,,2025.1.1,120.27510092026796,2026-02-24 15h14.51.780304 +0000,
5_z_340_a.jpg,5_z_340_b.jpg,0,140,n,m,140,82,10,1,m,1,3.903965626988793,None,1,10,82,15,741.3715067149897,,,,,,,,,,,,,,,,,,,,,,,,,,,,,741.3501710169949,741.3715067149897,741.3715067149897,741.3715067149897,741.3715067149897,741.3715067149897,741.3715067149897,745.2805542330025,m,1,3.903965626988793,None,745.2808387620025,745.2890188409947,745.7725953639892,745.9394950669957,,,,,001,AL240226,2026-02-24_15h14.11.590,TestMentalRotation,,2025.1.1,120.27510092026796,2026-02-24 15h14.51.780304 +0000,
3_z_160_b.jpg,3_z_160_b.jpg,0,100,y,n,100,83,11,1,n,1,5.888014291005675,None,1,11,83,29,745.9394950669957,,,,,,,,,,,,,,,,,,,,,,,,,,,,,745.9174719449948,745.9394950669957,745.9394950669957,745.9394950669957,745.9394950669957,745.9394950669957,745.9394950669957,751.8324070319941,n,1,5.888014291005675,None,751.8326925449946,751.8409856370126,752.3253607689985,752.4914773910132,,,,,001,AL240226,2026-02-24_15h14.11.590,TestMentalRotation,,2025.1.1,120.27510092026796,2026-02-24 15h14.51.780304 +0000,
1_z_140_b.jpg,1_z_140_b.jpg,0,20,y,n,20,84,12,1,n,1,2.60797921998892,None,1,12,84,56,752.4914773910132,,,,,,,,,,,,,,,,,,,,,,,,,,,,,752.469742796995,752.4914773910132,752.4914773910132,752.4914773910132,752.4914773910132,752.4914773910132,752.4914773910132,755.1003100310045,n,1,2.60797921998892,None,755.1007003319974,755.1089066500135,755.5923388480151,755.7591501720017,,,,,001,AL240226,2026-02-24_15h14.11.590,TestMentalRotation,,2025.1.1,120.27510092026796,2026-02-24 15h14.51.780304 +0000,
3_z_160_b.jpg,3_z_160_a.jpg,0,0,n,m,0,85,13,1,n,0,1.8682218519970775,None,1,13,85,55,755.7591501720017,,,,,,,,,,,,,,,,,,,,,,,,,,,,,755.7370188969944,755.7591501720017,755.7591501720017,755.7591501720017,755.7591501720017,755.7591501720017,755.7591501720017,757.6349275110115,n,0,1.8682218519970775,None,757.6370160279912,757.6605992869881,758.1436788290157,,,,,,001,AL240226,2026-02-24_15h14.11.590,TestMentalRotation,,2025.1.1,120.27510092026796,2026-02-24 15h14.51.780304 +0000,
4_z_310_a.jpg,4_z_310_a.jpg,0,60,y,n,60,86,14,1,n,1,2.0774552640214097,None,1,14,86,61,758.3100519689906,,,,,,,,,,,,,,,,,,,,,,,,,,,,,758.2888919580146,758.3100519689906,758.3100519689906,758.3100519689906,758.3100519689906,758.3100519689906,758.3100519689906,760.3943773990031,n,1,2.0774552640214097,None,760.3961175440054,760.404605157004,760.8939663119963,761.0609180280007,,,,,001,AL240226,2026-02-24_15h14.11.590,TestMentalRotation,,2025.1.1,120.27510092026796,2026-02-24 15h14.51.780304 +0000,
2_z_145_a.jpg,2_z_145_b.jpg,0,140,n,m,140,87,15,1,n,0,5.190591778984526,None,1,15,87,51,761.0609180280007,,,,,,,,,,,,,,,,,,,,,,,,,,,,,761.0392082920007,761.0609180280007,761.0609180280007,761.0609180280007,761.0609180280007,761.0609180280007,761.0609180280007,766.2535647389886,n,0,5.190591778984526,None,766.2552579549956,766.2792688469926,766.7622360379901,,,,,,001,AL240226,2026-02-24_15h14.11.590,TestMentalRotation,,2025.1.1,120.27510092026796,2026-02-24 15h14.51.780304 +0000,
1_z_140_b.jpg,1_z_140_b.jpg,0,140,y,n,140,88,16,1,n,1,5.1223049259861,None,1,16,88,69,766.9292793069908,,,,,,,,,,,,,,,,,,,,,,,,,,,,,766.9065730980074,766.9292793069908,766.9292793069908,766.9292793069908,766.9292793069908,766.9292793069908,766.9292793069908,772.0562616820098,n,1,5.1223049259861,None,772.0582329310128,772.0817639490124,772.5648985170119,,,,,,001,AL240226,2026-02-24_15h14.11.590,TestMentalRotation,,2025.1.1,120.27510092026796,2026-02-24 15h14.51.780304 +0000,
5_z_340_a.jpg,5_z_340_a.jpg,0,100,y,n,100,89,17,1,n,1,2.744156972010387,None,1,17,89,11,772.7313015749969,,,,,,,,,,,,,,,,,,,,,,,,,,,,,772.7099106489914,772.7313015749969,772.7313015749969,772.7313015749969,772.7313015749969,772.7313015749969,772.7313015749969,775.4823784960026,n,1,2.744156972010387,None,775.4826646549918,775.4908766610024,775.9819854309899,776.148888116004,,,,,001,AL240226,2026-02-24_15h14.11.590,TestMentalRotation,,2025.1.1,120.27510092026796,2026-02-24 15h14.51.780304 +0000,
4_z_310_b.jpg,4_z_310_b.jpg,0,0,y,n,0,90,18,1,n,1,1.6145658189780079,None,1,18,90,18,776.148888116004,,,,,,,,,,,,,,,,,,,,,,,,,,,,,776.1269049789989,776.148888116004,776.148888116004,776.148888116004,776.148888116004,776.148888116004,776.148888116004,777.7669639670057,n,1,1.6145658189780079,None,777.7672489960096,777.7754138330056,778.2666437820008,778.4330257149995,,,,,001,AL240226,2026-02-24_15h14.11.590,TestMentalRotation,,2025.1.1,120.27510092026796,2026-02-24 15h14.51.780304 +0000,
1_z_140_a.jpg,1_z_140_a.jpg,0,160,y,n,160,91,19,1,n,1,5.082402079977328,None,1,19,91,35,778.4330257149995,,,,,,,,,,,,,,,,,,,,,,,,,,,,,778.411212173989,778.4330257149995,778.4330257149995,778.4330257149995,778.4330257149995,778.4330257149995,778.4330257149995,783.5184321829875,n,1,5.082402079977328,None,783.5187218979991,783.526918958989,784.0181606420083,784.1848527010006,,,,,001,AL240226,2026-02-24_15h14.11.590,TestMentalRotation,,2025.1.1,120.27510092026796,2026-02-24 15h14.51.780304 +0000,
2_z_145_b.jpg,2_z_145_a.jpg,0,120,n,m,120,92,20,1,m,1,2.2426065190229565,None,1,20,92,67,784.1848527010006,,,,,,,,,,,,,,,,,,,,,,,,,,,,,784.163167761988,784.1848527010006,784.1848527010006,784.1848527010006,784.1848527010006,784.1848527010006,784.1848527010006,786.4355160999985,m,1,2.2426065190229565,None,786.4358001129876,786.4440072609868,786.9351742420113,787.1023385789886,,,,,001,AL240226,2026-02-24_15h14.11.590,TestMentalRotation,,2025.1.1,120.27510092026796,2026-02-24 15h14.51.780304 +0000,
5_z_340_b.jpg,5_z_340_b.jpg,0,20,y,n,20,93,21,1,n,1,1.9250305570021737,None,1,21,93,3,787.1023385789886,,,,,,,,,,,,,,,,,,,,,,,,,,,,,787.0808071790088,787.1023385789886,787.1023385789886,787.1023385789886,787.1023385789886,787.1023385789886,787.1023385789886,789.0368287460005,n,1,1.9250305570021737,None,789.0371193030151,789.0454043819918,789.5364074489917,789.7032070510031,,,,,001,AL240226,2026-02-24_15h14.11.590,TestMentalRotation,,2025.1.1,120.27510092026796,2026-02-24 15h14.51.780304 +0000,
5_z_340_b.jpg,5_z_340_b.jpg,0,100,y,n,100,94,22,1,n,1,1.9642557089973707,None,1,22,94,46,789.7032070510031,,,,,,,,,,,,,,,,,,,,,,,,,,,,,789.6813330879959,789.7032070510031,789.7032070510031,789.7032070510031,789.7032070510031,789.7032070510031,789.7032070510031,791.6705405999965,n,1,1.9642557089973707,None,791.6709550019877,791.6791443869879,792.161678583012,792.3344146570016,,,,,001,AL240226,2026-02-24_15h14.11.590,TestMentalRotation,,2025.1.1,120.27510092026796,2026-02-24 15h14.51.780304 +0000,
4_z_310_b.jpg,4_z_310_b.jpg,0,120,y,n,120,95,23,1,n,1,2.0448959649947938,None,1,23,95,49,792.3344146570016,,,,,,,,,,,,,,,,,,,,,,,,,,,,,792.3067134089943,792.3344146570016,792.3344146570016,792.3344146570016,792.3344146570016,792.3344146570016,792.3344146570016,794.3882738180109,n,1,2.0448959649947938,None,794.3885633579921,794.3968454129936,794.888074788003,795.054855216993,,,,,001,AL240226,2026-02-24_15h14.11.590,TestMentalRotation,,2025.1.1,120.27510092026796,2026-02-24 15h14.51.780304 +0000,
1_z_140_b.jpg,1_z_140_a.jpg,0,160,n,m,160,96,24,1,m,1,3.660599082999397,None,1,24,96,16,795.054855216993,,,,,,,,,,,,,,,,,,,,,,,,,,,,,795.0335521269881,795.054855216993,795.054855216993,795.054855216993,795.054855216993,795.054855216993,795.054855216993,798.7232696000137,m,1,3.660599082999397,None,798.7235574919905,798.7317196560034,799.2228858020098,799.3893912030035,,,,,001,AL240226,2026-02-24_15h14.11.590,TestMentalRotation,,2025.1.1,120.27510092026796,2026-02-24 15h14.51.780304 +0000,
3_z_160_b.jpg,3_z_160_a.jpg,0,120,n,m,120,97,25,1,m,1,2.5020665710035246,None,1,25,97,48,799.3893912030035,,,,,,,,,,,,,,,,,,,,,,,,,,,,,799.3669853490137,799.3893912030035,799.3893912030035,799.3893912030035,799.3893912030035,799.3893912030035,799.3893912030035,801.8979432609922,m,1,2.5020665710035246,None,801.898227216996,801.9066357029951,802.3909919070138,802.5573573959991,,,,,001,AL240226,2026-02-24_15h14.11.590,TestMentalRotation,,2025.1.1,120.27510092026796,2026-02-24 15h14.51.780304 +0000,
3_z_160_b.jpg,3_z_160_b.jpg,0,80,y,n,80,98,26,1,n,1,2.1580141769954935,None,1,26,98,9,802.5573573959991,,,,,,,,,,,,,,,,,,,,,,,,,,,,,802.536280483997,802.5573573959991,802.5573573959991,802.5573573959991,802.5573573959991,802.5573573959991,802.5573573959991,804.7249389440112,n,1,2.1580141769954935,None,804.7252245820127,804.7333775880106,805.2246373190137,805.3912835739902,,,,,001,AL240226,2026-02-24_15h14.11.590,TestMentalRotation,,2025.1.1,120.27510092026796,2026-02-24 15h14.51.780304 +0000,
3_z_160_b.jpg,3_z_160_b.jpg,0,120,y,n,120,99,27,1,n,1,2.2280864600033965,None,1,27,99,12,805.3912835739902,,,,,,,,,,,,,,,,,,,,,,,,,,,,,805.3691772230086,805.3912835739902,805.3912835739902,805.3912835739902,805.3912835739902,805.3912835739902,805.3912835739902,807.6262217579933,n,1,2.2280864600033965,None,807.6265097889991,807.6347315289895,808.1259971089894,808.2923426580091,,,,,001,AL240226,2026-02-24_15h14.11.590,TestMentalRotation,,2025.1.1,120.27510092026796,2026-02-24 15h14.51.780304 +0000,
3_z_160_a.jpg,3_z_160_b.jpg,0,40,n,m,40,100,28,1,m,1,2.7591108080232516,None,1,28,100,22,808.2923426580091,,,,,,,,,,,,,,,,,,,,,,,,,,,,,808.2704385280085,808.2923426580091,808.2923426580091,808.2923426580091,808.2923426580091,808.2923426580091,808.2923426580091,811.0600653029978,m,1,2.7591108080232516,None,811.0603555699927,811.0686179189943,811.5595760100114,811.7267416510149,,,,,001,AL240226,2026-02-24_15h14.11.590,TestMentalRotation,,2025.1.1,120.27510092026796,2026-02-24 15h14.51.780304 +0000,
2_z_145_a.jpg,2_z_145_b.jpg,0,80,n,m,80,101,29,1,m,1,2.4846331339795142,None,1,29,101,62,811.7267416510149,,,,,,,,,,,,,,,,,,,,,,,,,,,,,811.7053181100055,811.7267416510149,811.7267416510149,811.7267416510149,811.7267416510149,811.7267416510149,811.7267416510149,814.218944629014,m,1,2.4846331339795142,None,814.2192292289983,814.2274283570005,814.7109897870105,814.8777620579931,,,,,001,AL240226,2026-02-24_15h14.11.590,TestMentalRotation,,2025.1.1,120.27510092026796,2026-02-24 15h14.51.780304 +0000,
5_z_340_a.jpg,5_z_340_a.jpg,0,0,y,n,0,102,30,1,n,1,1.4216863790061325,None,1,30,102,19,814.8777620579931,,,,,,,,,,,,,,,,,,,,,,,,,,,,,814.8560413749947,814.8777620579931,814.8777620579931,814.8777620579931,814.8777620579931,814.8777620579931,814.8777620579931,816.3025457909971,n,1,1.4216863790061325,None,816.3028296850098,816.3110039810126,816.7945408819942,816.9616629449883,,,,,001,AL240226,2026-02-24_15h14.11.590,TestMentalRotation,,2025.1.1,120.27510092026796,2026-02-24 15h14.51.780304 +0000,
4_z_310_b.jpg,4_z_310_a.jpg,0,160,n,m,160,103,31,1,m,1,3.4497912650112994,None,1,31,103,71,816.9616629449883,,,,,,,,,,,,,,,,,,,,,,,,,,,,,816.9396350680036,816.9616629449883,816.9616629449883,816.9616629449883,816.9616629449883,816.9616629449883,816.9616629449883,820.4130065829959,m,1,3.4497912650112994,None,820.4132921769924,820.4215733100136,820.9125253219972,821.079395045992,,,,,001,AL240226,2026-02-24_15h14.11.590,TestMentalRotation,,2025.1.1,120.27510092026796,2026-02-24 15h14.51.780304 +0000,
3_z_160_a.jpg,3_z_160_a.jpg,0,20,y,n,20,104,32,1,n,1,1.6040527620061766,None,1,32,104,39,821.079395045992,,,,,,,,,,,,,,,,,,,,,,,,,,,,,821.0569333070016,821.079395045992,821.079395045992,821.079395045992,821.079395045992,821.079395045992,821.079395045992,822.6886354050075,n,1,1.6040527620061766,None,822.688919629989,822.6971213629877,823.1806444670074,823.3470174740069,,,,,001,AL240226,2026-02-24_15h14.11.590,TestMentalRotation,,2025.1.1,120.27510092026796,2026-02-24 15h14.51.780304 +0000,
4_z_310_b.jpg,4_z_310_a.jpg,0,140,n,m,140,105,33,1,m,1,2.8724323060014285,None,1,33,105,32,823.3470174740069,,,,,,,,,,,,,,,,,,,,,,,,,,,,,823.3250193420099,823.3470174740069,823.3470174740069,823.3470174740069,823.3470174740069,823.3470174740069,823.3470174740069,826.222275217995,m,1,2.8724323060014285,None,826.2225564290129,826.2307235060143,826.7142972729926,826.881335439015,,,,,001,AL240226,2026-02-24_15h14.11.590,TestMentalRotation,,2025.1.1,120.27510092026796,2026-02-24 15h14.51.780304 +0000,
1_z_140_b.jpg,1_z_140_b.jpg,0,160,y,n,160,106,34,1,n,1,2.074124800012214,None,1,34,106,52,826.881335439015,,,,,,,,,,,,,,,,,,,,,,,,,,,,,826.8591920490144,826.881335439015,826.881335439015,826.881335439015,826.881335439015,826.881335439015,826.881335439015,828.9569364410127,n,1,2.074124800012214,None,828.957220990007,828.9654311019985,829.4489849380043,829.6158657780034,,,,,001,AL240226,2026-02-24_15h14.11.590,TestMentalRotation,,2025.1.1,120.27510092026796,2026-02-24 15h14.51.780304 +0000,
5_z_340_b.jpg,5_z_340_b.jpg,0,40,y,n,40,107,35,1,n,1,1.3715808690176345,None,1,35,107,5,829.6158657780034,,,,,,,,,,,,,,,,,,,,,,,,,,,,,829.5945041409868,829.6158657780034,829.6158657780034,829.6158657780034,829.6158657780034,829.6158657780034,829.6158657780034,830.9904323719966,n,1,1.3715808690176345,None,830.9907143579912,830.9989802580094,831.4826181649987,831.6495061450114,,,,,001,AL240226,2026-02-24_15h14.11.590,TestMentalRotation,,2025.1.1,120.27510092026796,2026-02-24 15h14.51.780304 +0000,
4_z_310_a.jpg,4_z_310_a.jpg,0,20,y,n,20,108,36,1,n,1,1.4019485709723085,None,1,36,108,21,831.6495061450114,,,,,,,,,,,,,,,,,,,,,,,,,,,,,831.6273417490011,831.6495061450114,831.6495061450114,831.6495061450114,831.6495061450114,831.6495061450114,831.6495061450114,833.058363070013,n,1,1.4019485709723085,None,833.0586461350031,833.0669745669875,833.5506055580045,833.7169041619927,,,,,001,AL240226,2026-02-24_15h14.11.590,TestMentalRotation,,2025.1.1,120.27510092026796,2026-02-24 15h14.51.780304 +0000,
3_z_160_a.jpg,3_z_160_a.jpg,0,100,y,n,100,109,37,1,n,1,1.542552055005217,None,1,37,109,47,833.7169041619927,,,,,,,,,,,,,,,,,,,,,,,,,,,,,833.6954362239921,833.7169041619927,833.7169041619927,833.7169041619927,833.7169041619927,833.7169041619927,833.7169041619927,835.2677036120149,n,1,1.542552055005217,None,835.268028424005,835.2763131890097,835.7673332400154,835.9340851980087,,,,,001,AL240226,2026-02-24_15h14.11.590,TestMentalRotation,,2025.1.1,120.27510092026796,2026-02-24 15h14.51.780304 +0000,
4_z_310_b.jpg,4_z_310_a.jpg,0,160,n,m,160,110,38,1,m,1,2.7653672830201685,None,1,38,110,17,835.9340851980087,,,,,,,,,,,,,,,,,,,,,,,,,,,,,835.9124219699879,835.9340851980087,835.9340851980087,835.9340851980087,835.9340851980087,835.9340851980087,835.9340851980087,838.7022724979906,m,1,2.7653672830201685,None,838.7025573790015,838.7107331670122,839.2018839890079,839.3687688710052,,,,,001,AL240226,2026-02-24_15h14.11.590,TestMentalRotation,,2025.1.1,120.27510092026796,2026-02-24 15h14.51.780304 +0000,
2_z_145_a.jpg,2_z_145_b.jpg,0,100,n,m,100,111,39,1,m,1,4.146586323011434,None,1,39,111,10,839.3687688710052,,,,,,,,,,,,,,,,,,,,,,,,,,,,,839.3477500459994,839.3687688710052,839.3687688710052,839.3687688710052,839.3687688710052,839.3687688710052,839.3687688710052,843.5204839520156,m,1,4.146586323011434,None,843.520763921988,843.5290783189994,844.0201134860108,844.1868037839886,,,,,001,AL240226,2026-02-24_15h14.11.590,TestMentalRotation,,2025.1.1,120.27510092026796,2026-02-24 15h14.51.780304 +0000,
3_z_160_a.jpg,3_z_160_b.jpg,0,120,n,m,120,112,40,1,m,1,2.0806423030153383,None,1,40,112,13,844.1868037839886,,,,,,,,,,,,,,,,,,,,,,,,,,,,,844.1656011129962,844.1868037839886,844.1868037839886,844.1868037839886,844.1868037839886,844.1868037839886,844.1868037839886,846.270856195013,m,1,2.0806423030153383,None,846.2711452619988,846.279436657991,846.7705301000096,846.9377442490077,,,,,001,AL240226,2026-02-24_15h14.11.590,TestMentalRotation,,2025.1.1,120.27510092026796,2026-02-24 15h14.51.780304 +0000,
2_z_145_b.jpg,2_z_145_b.jpg,0,40,y,n,40,113,41,1,n,1,6.217703006986994,None,1,41,113,59,846.9377442490077,,,,,,,,,,,,,,,,,,,,,,,,,,,,,846.9160554970149,846.9377442490077,846.9377442490077,846.9377442490077,846.9377442490077,846.9377442490077,846.9377442490077,853.1570366219967,n,1,6.217703006986994,None,853.1573225850007,853.165630781994,853.6565192209964,853.8233974920004,,,,,001,AL240226,2026-02-24_15h14.11.590,TestMentalRotation,,2025.1.1,120.27510092026796,2026-02-24 15h14.51.780304 +0000,
3_z_160_a.jpg,3_z_160_a.jpg,0,0,y,n,0,114,42,1,n,1,1.1800561489944812,None,1,42,114,0,853.8233974920004,,,,,,,,,,,,,,,,,,,,,,,,,,,,,853.8025236559915,853.8233974920004,853.8233974920004,853.8233974920004,853.8233974920004,853.8233974920004,853.8233974920004,855.0072109850007,n,1,1.1800561489944812,None,855.0074988869892,855.0157206500007,855.5068316720135,855.6737537909939,,,,,001,AL240226,2026-02-24_15h14.11.590,TestMentalRotation,,2025.1.1,120.27510092026796,2026-02-24 15h14.51.780304 +0000,
5_z_340_b.jpg,5_z_340_a.jpg,0,60,n,m,60,115,43,1,n,0,2.7136362439778168,None,1,43,115,25,855.6737537909939,,,,,,,,,,,,,,,,,,,,,,,,,,,,,855.65231937301,855.6737537909939,855.6737537909939,855.6737537909939,855.6737537909939,855.6737537909939,855.6737537909939,858.3918705249962,n,0,2.7136362439778168,None,858.3937687230064,858.4022040549899,858.8914270290115,859.0581825239933,,,,,001,AL240226,2026-02-24_15h14.11.590,TestMentalRotation,,2025.1.1,120.27510092026796,2026-02-24 15h14.51.780304 +0000,
5_z_340_b.jpg,5_z_340_a.jpg,0,60,n,m,60,116,44,1,m,1,4.017264868016355,None,1,44,116,24,859.0581825239933,,,,,,,,,,,,,,,,,,,,,,,,,,,,,859.0369635870156,859.0581825239933,859.0581825239933,859.0581825239933,859.0581825239933,859.0581825239933,859.0581825239933,863.0767015180027,m,1,4.017264868016355,None,863.0785776480043,863.0869270350086,863.5764135190111,863.742877237004,,,,,001,AL240226,2026-02-24_15h14.11.590,TestMentalRotation,,2025.1.1,120.27510092026796,2026-02-24 15h14.51.780304 +0000,
1_z_140_a.jpg,1_z_140_b.jpg,0,140,n,m,140,117,45,1,m,1,6.980637855012901,None,1,45,117,14,863.742877237004,,,,,,,,,,,,,,,,,,,,,,,,,,,,,863.7217826670094,863.742877237004,863.742877237004,863.742877237004,863.742877237004,863.742877237004,863.742877237004,870.7286775970133,m,1,6.980637855012901,None,870.7289691230108,870.7372210379981,871.2282889269991,871.3953971230076,,,,,001,AL240226,2026-02-24_15h14.11.590,TestMentalRotation,,2025.1.1,120.27510092026796,2026-02-24 15h14.51.780304 +0000,
1_z_140_a.jpg,1_z_140_b.jpg,0,80,n,m,80,118,46,1,m,1,1.8320589269860648,None,1,46,118,44,871.3953971230076,,,,,,,,,,,,,,,,,,,,,,,,,,,,,871.3747459640144,871.3953971230076,871.3953971230076,871.3953971230076,871.3953971230076,871.3953971230076,871.3953971230076,873.229954023991,m,1,1.8320589269860648,None,873.2302349829988,873.2384895409923,873.7293526619906,873.8960948710155,,,,,001,AL240226,2026-02-24_15h14.11.590,TestMentalRotation,,2025.1.1,120.27510092026796,2026-02-24 15h14.51.780304 +0000,
3_z_160_b.jpg,3_z_160_a.jpg,0,140,n,m,140,119,47,1,m,1,1.5393805640051141,None,1,47,119,33,873.8960948710155,,,,,,,,,,,,,,,,,,,,,,,,,,,,,873.8744298949896,873.8960948710155,873.8960948710155,873.8960948710155,873.8960948710155,873.8960948710155,873.8960948710155,875.4376750770025,m,1,1.5393805640051141,None,875.4379606560105,875.4462548829906,875.9297963989957,876.0966462120123,,,,,001,AL240226,2026-02-24_15h14.11.590,TestMentalRotation,,2025.1.1,120.27510092026796,2026-02-24 15h14.51.780304 +0000,
4_z_310_a.jpg,4_z_310_b.jpg,0,60,n,m,60,120,48,1,m,1,7.7867009050096385,None,1,48,120,42,876.0966462120123,,,,,,,,,,,,,,,,,,,,,,,,,,,,,876.0755363650096,876.0966462120123,876.0966462120123,876.0966462120123,876.0966462120123,876.0966462120123,876.0966462120123,883.8906977339939,m,1,7.7867009050096385,None,883.8909821870038,883.8991623600014,884.3827597800118,884.5493975279969,,,,,001,AL240226,2026-02-24_15h14.11.590,TestMentalRotation,,2025.1.1,120.27510092026796,2026-02-24 15h14.51.780304 +0000,
5_z_340_b.jpg,5_z_340_a.jpg,0,40,n,m,40,121,49,1,n,0,4.430012645985698,None,1,49,121,4,884.5493975279969,,,,,,,,,,,,,,,,,,,,,,,,,,,,,884.5276256270008,884.5493975279969,884.5493975279969,884.5493975279969,884.5493975279969,884.5493975279969,884.5493975279969,888.984747326991,n,0,4.430012645985698,None,888.9865190109995,888.9948726379953,889.4842401269998,889.6509138240071,,,,,001,AL240226,2026-02-24_15h14.11.590,TestMentalRotation,,2025.1.1,120.27510092026796,2026-02-24 15h14.51.780304 +0000,
2_z_145_b.jpg,2_z_145_a.jpg,0,80,n,m,80,122,50,1,m,1,7.080484269012231,None,1,50,122,8,889.6509138240071,,,,,,,,,,,,,,,,,,,,,,,,,,,,,889.6289904550067,889.6509138240071,889.6509138240071,889.6509138240071,889.6509138240071,889.6509138240071,889.6509138240071,896.7365292790055,m,1,7.080484269012231,None,896.73830916101,896.7467911060085,897.2369988349965,,,,,,001,AL240226,2026-02-24_15h14.11.590,TestMentalRotation,,2025.1.1,120.27510092026796,2026-02-24 15h14.51.780304 +0000,
4_z_310_b.jpg,4_z_310_a.jpg,0,100,n,m,100,123,51,1,m,1,3.7119445390126202,None,1,51,123,64,897.4035144789959,,,,,,,,,,,,,,,,,,,,,,,,,,,,,897.3823861929995,897.4035144789959,897.4035144789959,897.4035144789959,897.4035144789959,897.4035144789959,897.4035144789959,901.1212661580066,m,1,3.7119445390126202,None,901.1215552020003,901.129895229009,901.6209543859877,901.7881980680104,,,,,001,AL240226,2026-02-24_15h14.11.590,TestMentalRotation,,2025.1.1,120.27510092026796,2026-02-24 15h14.51.780304 +0000,
1_z_140_b.jpg,1_z_140_a.jpg,0,140,n,m,140,124,52,1,m,1,5.7271762560121715,None,1,52,124,50,901.7881980680104,,,,,,,,,,,,,,,,,,,,,,,,,,,,,901.7668440729904,901.7881980680104,901.7881980680104,901.7881980680104,901.7881980680104,901.7881980680104,901.7881980680104,907.524080764997,m,1,5.7271762560121715,None,907.52444035199,907.5324761350057,908.0233316530066,908.2055204689968,,,,,001,AL240226,2026-02-24_15h14.11.590,TestMentalRotation,,2025.1.1,120.27510092026796,2026-02-24 15h14.51.780304 +0000,
4_z_310_b.jpg,4_z_310_b.jpg,0,40,y,n,40,125,53,1,n,1,4.413936422992265,None,1,53,125,58,908.2055204689968,,,,,,,,,,,,,,,,,,,,,,,,,,,,,908.1809633680095,908.2055204689968,908.2055204689968,908.2055204689968,908.2055204689968,908.2055204689968,908.2055204689968,912.625618777005,n,1,4.413936422992265,None,912.6259045999905,912.6340470529976,913.1250587690156,913.2916365860146,,,,,001,AL240226,2026-02-24_15h14.11.590,TestMentalRotation,,2025.1.1,120.27510092026796,2026-02-24 15h14.51.780304 +0000,
2_z_145_a.jpg,2_z_145_b.jpg,0,100,n,m,100,126,54,1,n,0,4.063732578011695,None,1,54,126,65,913.2916365860146,,,,,,,,,,,,,,,,,,,,,,,,,,,,,913.2698832419992,913.2916365860146,913.2916365860146,913.2916365860146,913.2916365860146,913.2916365860146,913.2916365860146,917.3605383209942,n,0,4.063732578011695,None,917.3623664320039,917.3709029100137,917.8602124699974,918.0265547450108,,,,,001,AL240226,2026-02-24_15h14.11.590,TestMentalRotation,,2025.1.1,120.27510092026796,2026-02-24 15h14.51.780304 +0000,
4_z_310_a.jpg,4_z_310_a.jpg,0,20,y,n,20,127,55,1,n,1,4.168812477000756,None,1,55,127,57,918.0265547450108,,,,,,,,,,,,,,,,,,,,,,,,,,,,,918.0051368089917,918.0265547450108,918.0265547450108,918.0265547450108,918.0265547450108,918.0265547450108,918.0265547450108,922.2030249260133,n,1,4.168812477000756,None,922.2047317709948,922.2286649699963,922.7116344399983,,,,,,001,AL240226,2026-02-24_15h14.11.590,TestMentalRotation,,2025.1.1,120.27510092026796,2026-02-24 15h14.51.780304 +0000,
5_z_340_b.jpg,5_z_340_b.jpg,0,100,y,n,100,128,56,1,n,1,3.2612382160150446,None,1,56,128,28,922.8782092529873,,,,,,,,,,,,,,,,,,,,,,,,,,,,,922.8575113780098,922.8782092529873,922.8782092529873,922.8782092529873,922.8782092529873,922.8782092529873,922.8782092529873,926.1457171360089,n,1,3.2612382160150446,None,926.146005593997,926.1542474460148,926.645398460998,926.812320527999,,,,,001,AL240226,2026-02-24_15h14.11.590,TestMentalRotation,,2025.1.1,120.27510092026796,2026-02-24 15h14.51.780304 +0000,
5_z_340_a.jpg,5_z_340_b.jpg,0,160,n,m,160,129,57,1,m,1,2.607203264022246,None,1,57,129,53,926.812320527999,,,,,,,,,,,,,,,,,,,,,,,,,,,,,926.7896752720117,926.812320527999,926.812320527999,926.812320527999,926.812320527999,926.812320527999,926.812320527999,929.4213640929956,m,1,2.607203264022246,None,929.421647946001,929.4298802700068,929.9133646730043,930.0801456950139,,,,,001,AL240226,2026-02-24_15h14.11.590,TestMentalRotation,,2025.1.1,120.27510092026796,2026-02-24 15h14.51.780304 +0000,
1_z_140_b.jpg,1_z_140_a.jpg,0,40,n,m,40,130,58,1,m,1,2.9072506930097006,None,1,58,130,41,930.0801456950139,,,,,,,,,,,,,,,,,,,,,,,,,,,,,930.0585820609995,930.0801456950139,930.0801456950139,930.0801456950139,930.0801456950139,930.0801456950139,930.0801456950139,932.9894822550123,m,1,2.9072506930097006,None,932.9897644009907,932.9980655990075,933.4815835519985,933.6480450149975,,,,,001,AL240226,2026-02-24_15h14.11.590,TestMentalRotation,,2025.1.1,120.27510092026796,2026-02-24 15h14.51.780304 +0000,
4_z_310_a.jpg,4_z_310_b.jpg,0,60,n,m,60,131,59,1,m,1,6.571402467001462,None,1,59,131,6,933.6480450149975,,,,,,,,,,,,,,,,,,,,,,,,,,,,,933.6267832249869,933.6480450149975,933.6480450149975,933.6480450149975,933.6480450149975,933.6480450149975,933.6480450149975,940.2246000640152,m,1,6.571402467001462,None,940.2248822459951,940.2330619489949,940.7166511579999,940.883449210989,,,,,001,AL240226,2026-02-24_15h14.11.590,TestMentalRotation,,2025.1.1,120.27510092026796,2026-02-24 15h14.51.780304 +0000,
1_z_140_b.jpg,1_z_140_b.jpg,0,80,y,n,80,132,60,1,n,1,2.9359991299861576,None,1,60,132,45,940.883449210989,,,,,,,,,,,,,,,,,,,,,,,,,,,,,940.8611834270123,940.883449210989,940.883449210989,940.883449210989,940.883449210989,940.883449210989,940.883449210989,943.8259172590042,n,1,2.9359991299861576,None,943.8262064490118,943.8345537779969,944.3179650460079,944.4846033650101,,,,,001,AL240226,2026-02-24_15h14.11.590,TestMentalRotation,,2025.1.1,120.27510092026796,2026-02-24 15h14.51.780304 +0000,
2_z_145_a.jpg,2_z_145_a.jpg,0,120,y,n,120,133,61,1,n,1,4.774849249020917,None,1,61,133,66,944.4846033650101,,,,,,,,,,,,,,,,,,,,,,,,,,,,,944.4627889230032,944.4846033650101,944.4846033650101,944.4846033650101,944.4846033650101,944.4846033650101,944.4846033650101,949.2609355819877,n,1,4.774849249020917,None,949.2612198790011,949.2694837150048,949.7529097539955,949.9198557870113,,,,,001,AL240226,2026-02-24_15h14.11.590,TestMentalRotation,,2025.1.1,120.27510092026796,2026-02-24 15h14.51.780304 +0000,
2_z_145_a.jpg,2_z_145_a.jpg,0,80,y,n,80,134,62,1,n,1,2.4515162970055826,None,1,62,134,26,949.9198557870113,,,,,,,,,,,,,,,,,,,,,,,,,,,,,949.8986405050091,949.9198557870113,949.9198557870113,949.9198557870113,949.9198557870113,949.9198557870113,949.9198557870113,952.3793553519936,n,1,2.4515162970055826,None,952.3796697189973,952.3879880610039,952.871065401996,953.03760779,,,,,001,AL240226,2026-02-24_15h14.11.590,TestMentalRotation,,2025.1.1,120.27510092026796,2026-02-24 15h14.51.780304 +0000,
4_z_310_a.jpg,4_z_310_b.jpg,0,0,n,m,0,135,63,1,n,0,2.341769883001689,None,1,63,135,37,953.03760779,,,,,,,,,,,,,,,,,,,,,,,,,,,,,953.0167115170043,953.03760779,953.03760779,953.03760779,953.03760779,953.03760779,953.03760779,955.3884420960094,n,0,2.341769883001689,None,955.390254627011,955.3987332849938,955.887918805005,956.0548670499993,,,,,001,AL240226,2026-02-24_15h14.11.590,TestMentalRotation,,2025.1.1,120.27510092026796,2026-02-24 15h14.51.780304 +0000,
4_z_310_a.jpg,4_z_310_b.jpg,0,60,n,m,60,136,64,1,m,1,3.484560627985047,None,1,64,136,7,956.0548670499993,,,,,,,,,,,,,,,,,,,,,,,,,,,,,956.0329558319936,956.0548670499993,956.0548670499993,956.0548670499993,956.0548670499993,956.0548670499993,956.0548670499993,959.5477890729962,m,1,3.484560627985047,None,959.549458939,959.5729715519992,960.0559601979912,,,,,,001,AL240226,2026-02-24_15h14.11.590,TestMentalRotation,,2025.1.1,120.27510092026796,2026-02-24 15h14.51.780304 +0000,
2_z_145_b.jpg,2_z_145_a.jpg,0,20,n,m,20,137,65,1,m,1,3.3405363770143595,None,1,65,137,38,960.2229715540016,,,,,,,,,,,,,,,,,,,,,,,,,,,,,960.201565024996,960.2229715540016,960.2229715540016,960.2229715540016,960.2229715540016,960.2229715540016,960.2229715540016,963.5656370100041,m,1,3.3405363770143595,None,963.5659192930034,963.5741387020098,964.0575201780011,964.2242810850148,,,,,001,AL240226,2026-02-24_15h14.11.590,TestMentalRotation,,2025.1.1,120.27510092026796,2026-02-24 15h14.51.780304 +0000,
5_z_340_a.jpg,5_z_340_a.jpg,0,60,y,n,60,138,66,1,n,1,3.0111653530038893,None,1,66,138,60,964.2242810850148,,,,,,,,,,,,,,,,,,,,,,,,,,,,,964.2030990890053,964.2242810850148,964.2242810850148,964.2242810850148,964.2242810850148,964.2242810850148,964.2242810850148,967.2427194209886,n,1,3.0111653530038893,None,967.2430071360141,967.2511911510082,967.7423046219919,967.9086602820025,,,,,001,AL240226,2026-02-24_15h14.11.590,TestMentalRotation,,2025.1.1,120.27510092026796,2026-02-24 15h14.51.780304 +0000,
2_z_145_a.jpg,2_z_145_a.jpg,0,80,y,n,80,139,67,1,n,1,4.022788048983784,None,1,67,139,63,967.9086602820025,,,,,,,,,,,,,,,,,,,,,,,,,,,,,967.8872413240024,967.9086602820025,967.9086602820025,967.9086602820025,967.9086602820025,967.9086602820025,967.9086602820025,971.9340717320156,n,1,4.022788048983784,None,971.9343558929977,971.9426772159932,972.4271860320005,972.593761872995,,,,,001,AL240226,2026-02-24_15h14.11.590,TestMentalRotation,,2025.1.1,120.27510092026796,2026-02-24 15h14.51.780304 +0000,
2_z_145_a.jpg,2_z_145_a.jpg,0,160,y,n,160,140,68,1,m,0,2.089682766003534,None,1,68,140,70,972.593761872995,,,,,,,,,,,,,,,,,,,,,,,,,,,,,972.5735358780075,972.593761872995,972.593761872995,972.593761872995,972.593761872995,972.593761872995,972.593761872995,974.6854240150133,m,0,2.089682766003534,None,974.6871263259964,974.6956130269973,975.1847523530014,975.3578220740019,,,,,001,AL240226,2026-02-24_15h14.11.590,TestMentalRotation,,2025.1.1,120.27510092026796,2026-02-24 15h14.51.780304 +0000,
2_z_145_b.jpg,2_z_145_b.jpg,0,60,y,n,60,141,69,1,n,1,8.349565657990752,None,1,69,141,43,975.3578220740019,,,,,,,,,,,,,,,,,,,,,,,,,,,,,975.3297845619963,975.3578220740019,975.3578220740019,975.3578220740019,975.3578220740019,975.3578220740019,975.3578220740019,983.714090266003,n,1,8.349565657990752,None,983.7162231930124,983.7246773870138,984.2138510800141,984.3805490230152,,,,,001,AL240226,2026-02-24_15h14.11.590,TestMentalRotation,,2025.1.1,120.27510092026796,2026-02-24 15h14.51.780304 +0000,
1_z_140_a.jpg,1_z_140_b.jpg,0,120,n,m,120,142,70,1,m,1,4.478886823984794,None,1,70,142,30,984.3805490230152,,,,,,,,,,,,,,,,,,,,,,,,,,,,,984.3590200410108,984.3805490230152,984.3805490230152,984.3805490230152,984.3805490230152,984.3805490230152,984.3805490230152,988.865700047987,m,1,4.478886823984794,None,988.8659843599889,988.8743055980012,989.365389507002,989.532042448991,,,,,001,AL240226,2026-02-24_15h14.11.590,TestMentalRotation,,2025.1.1,120.27510092026796,2026-02-24 15h14.51.780304 +0000,
3_z_160_a.jpg,3_z_160_a.jpg,0,0,y,n,0,143,71,1,n,1,1.903360239986796,None,1,71,143,36,989.532042448991,,,,,,,,,,,,,,,,,,,,,,,,,,,,,989.510309853009,989.532042448991,989.532042448991,989.532042448991,989.532042448991,989.532042448991,989.532042448991,991.4403266959998,n,1,1.903360239986796,None,991.4406094719889,991.4489283089933,991.9324021330103,991.9471708160127,,,,,001,AL240226,2026-02-24_15h14.11.590,TestMentalRotation,,2025.1.1,120.27510092026796,2026-02-24 15h14.51.780304 +0000,
,,,,,,,,,,,,,,,,,,,,,,,,,,,,,,,,,,,,,,,,,,,,,,,,,,,,,,,,,,,,,,,991.9394052150019,991.9471708160127,991.9471708160127,1000.5596595960087,001,AL240226,2026-02-24_15h14.11.590,TestMentalRotation,,2025.1.1,120.27510092026796,2026-02-24 15h14.51.780304 +0000,
